lab,model,release_date,source_url,source_type,table_location,benchmark_raw,variant,setting,score,notes
Google,BERT,2018-10-11,https://arxiv.org/abs/1810.04805v1,paper,main,GLUE,"Average (excl. WNLI), test",fine-tuned; BERT_LARGE,81.9,v1 Table 1; v2 (2019-05) reports 82.1 after QNLI update; Average excludes WNLI
Google,BERT,2018-10-11,https://arxiv.org/abs/1810.04805v1,paper,main,MNLI,"matched/mismatched (m/mm), GLUE test",fine-tuned; BERT_LARGE; accuracy,86.7/85.9,GLUE task
Google,BERT,2018-10-11,https://arxiv.org/abs/1810.04805v1,paper,main,QQP,GLUE test,fine-tuned; BERT_LARGE; F1,72.1,GLUE task
Google,BERT,2018-10-11,https://arxiv.org/abs/1810.04805v1,paper,main,QNLI,GLUE test,fine-tuned; BERT_LARGE; accuracy,91.1,GLUE task; v2 reports 92.7
Google,BERT,2018-10-11,https://arxiv.org/abs/1810.04805v1,paper,main,SST-2,GLUE test,fine-tuned; BERT_LARGE; accuracy,94.9,GLUE task
Google,BERT,2018-10-11,https://arxiv.org/abs/1810.04805v1,paper,main,CoLA,GLUE test,fine-tuned; BERT_LARGE; Matthews corr.,60.5,GLUE task
Google,BERT,2018-10-11,https://arxiv.org/abs/1810.04805v1,paper,main,STS-B,GLUE test,fine-tuned; BERT_LARGE; Spearman corr.,86.5,GLUE task
Google,BERT,2018-10-11,https://arxiv.org/abs/1810.04805v1,paper,main,MRPC,GLUE test,fine-tuned; BERT_LARGE; F1,89.3,GLUE task
Google,BERT,2018-10-11,https://arxiv.org/abs/1810.04805v1,paper,main,RTE,GLUE test,fine-tuned; BERT_LARGE; accuracy,70.1,GLUE task
Google,BERT,2018-10-11,https://arxiv.org/abs/1810.04805v1,paper,main,SQuAD v1.1,test,fine-tuned; BERT_LARGE ensemble + TriviaQA; F1,93.2,Table 2; EM 87.4; single model dev F1 90.9
Google,BERT,2018-10-11,https://arxiv.org/abs/1810.04805v2,paper,main,SQuAD 2.0,test,fine-tuned; BERT_LARGE single; F1,83.1,"Added in arXiv v2 (2019-05-24), not in v1; EM 80.0"
Google,BERT,2018-10-11,https://arxiv.org/abs/1810.04805v1,paper,main,SWAG,test,fine-tuned; BERT_LARGE; accuracy,86.3,Table 4; dev 86.6
Google,BERT,2018-10-11,https://arxiv.org/abs/1810.04805v1,paper,main,CoNLL-2003 Named Entity Recognition,test,fine-tuned; BERT_LARGE; F1,92.8,Table 3 (v1); also feature-based ablation (dev F1) in Table 7
Google,T5 (Text-to-Text Transfer Transformer),2019-10-23,https://arxiv.org/abs/1910.10683v1,paper,main,GLUE,average,fine-tuned; T5-11B (fine-tuned),,"Test-set results in Table 14 (Sec. 3.7) for T5-11B; Table 14 not reachable (fetch truncated at Sec. 3.5) -> score left empty. Task list per Sec. 2.3 and result-table column headers (GLUE, CNNDM, SQuAD, SGLUE, EnDe, EnFr, EnRo); ablation tables (validation sets) use the same benchmarks"
Google,T5 (Text-to-Text Transfer Transformer),2019-10-23,https://arxiv.org/abs/1910.10683v1,paper,main,CoLA,GLUE task,fine-tuned; T5-11B (fine-tuned),,"Test-set results in Table 14 (Sec. 3.7) for T5-11B; Table 14 not reachable (fetch truncated at Sec. 3.5) -> score left empty. Task list per Sec. 2.3 and result-table column headers (GLUE, CNNDM, SQuAD, SGLUE, EnDe, EnFr, EnRo); ablation tables (validation sets) use the same benchmarks"
Google,T5 (Text-to-Text Transfer Transformer),2019-10-23,https://arxiv.org/abs/1910.10683v1,paper,main,SST-2,GLUE task,fine-tuned; T5-11B (fine-tuned),,"Test-set results in Table 14 (Sec. 3.7) for T5-11B; Table 14 not reachable (fetch truncated at Sec. 3.5) -> score left empty. Task list per Sec. 2.3 and result-table column headers (GLUE, CNNDM, SQuAD, SGLUE, EnDe, EnFr, EnRo); ablation tables (validation sets) use the same benchmarks"
Google,T5 (Text-to-Text Transfer Transformer),2019-10-23,https://arxiv.org/abs/1910.10683v1,paper,main,MRPC,GLUE task,fine-tuned; T5-11B (fine-tuned),,"Test-set results in Table 14 (Sec. 3.7) for T5-11B; Table 14 not reachable (fetch truncated at Sec. 3.5) -> score left empty. Task list per Sec. 2.3 and result-table column headers (GLUE, CNNDM, SQuAD, SGLUE, EnDe, EnFr, EnRo); ablation tables (validation sets) use the same benchmarks"
Google,T5 (Text-to-Text Transfer Transformer),2019-10-23,https://arxiv.org/abs/1910.10683v1,paper,main,STS-B,GLUE task,fine-tuned; T5-11B (fine-tuned),,"Test-set results in Table 14 (Sec. 3.7) for T5-11B; Table 14 not reachable (fetch truncated at Sec. 3.5) -> score left empty. Task list per Sec. 2.3 and result-table column headers (GLUE, CNNDM, SQuAD, SGLUE, EnDe, EnFr, EnRo); ablation tables (validation sets) use the same benchmarks"
Google,T5 (Text-to-Text Transfer Transformer),2019-10-23,https://arxiv.org/abs/1910.10683v1,paper,main,QQP,GLUE task,fine-tuned; T5-11B (fine-tuned),,"Test-set results in Table 14 (Sec. 3.7) for T5-11B; Table 14 not reachable (fetch truncated at Sec. 3.5) -> score left empty. Task list per Sec. 2.3 and result-table column headers (GLUE, CNNDM, SQuAD, SGLUE, EnDe, EnFr, EnRo); ablation tables (validation sets) use the same benchmarks"
Google,T5 (Text-to-Text Transfer Transformer),2019-10-23,https://arxiv.org/abs/1910.10683v1,paper,main,MNLI,GLUE task,fine-tuned; T5-11B (fine-tuned),,"Test-set results in Table 14 (Sec. 3.7) for T5-11B; Table 14 not reachable (fetch truncated at Sec. 3.5) -> score left empty. Task list per Sec. 2.3 and result-table column headers (GLUE, CNNDM, SQuAD, SGLUE, EnDe, EnFr, EnRo); ablation tables (validation sets) use the same benchmarks"
Google,T5 (Text-to-Text Transfer Transformer),2019-10-23,https://arxiv.org/abs/1910.10683v1,paper,main,QNLI,GLUE task,fine-tuned; T5-11B (fine-tuned),,"Test-set results in Table 14 (Sec. 3.7) for T5-11B; Table 14 not reachable (fetch truncated at Sec. 3.5) -> score left empty. Task list per Sec. 2.3 and result-table column headers (GLUE, CNNDM, SQuAD, SGLUE, EnDe, EnFr, EnRo); ablation tables (validation sets) use the same benchmarks"
Google,T5 (Text-to-Text Transfer Transformer),2019-10-23,https://arxiv.org/abs/1910.10683v1,paper,main,RTE,GLUE task,fine-tuned; T5-11B (fine-tuned),,"Test-set results in Table 14 (Sec. 3.7) for T5-11B; Table 14 not reachable (fetch truncated at Sec. 3.5) -> score left empty. Task list per Sec. 2.3 and result-table column headers (GLUE, CNNDM, SQuAD, SGLUE, EnDe, EnFr, EnRo); ablation tables (validation sets) use the same benchmarks"
Google,T5 (Text-to-Text Transfer Transformer),2019-10-23,https://arxiv.org/abs/1910.10683v1,paper,main,WNLI,GLUE task,fine-tuned; T5-11B (fine-tuned),,"Test-set results in Table 14 (Sec. 3.7) for T5-11B; Table 14 not reachable (fetch truncated at Sec. 3.5) -> score left empty. Task list per Sec. 2.3 and result-table column headers (GLUE, CNNDM, SQuAD, SGLUE, EnDe, EnFr, EnRo); ablation tables (validation sets) use the same benchmarks; WNLI never trained on and validation results never reported (overlap with WSC)"
Google,T5 (Text-to-Text Transfer Transformer),2019-10-23,https://arxiv.org/abs/1910.10683v1,paper,main,SuperGLUE,average,fine-tuned; T5-11B (fine-tuned),,"Test-set results in Table 14 (Sec. 3.7) for T5-11B; Table 14 not reachable (fetch truncated at Sec. 3.5) -> score left empty. Task list per Sec. 2.3 and result-table column headers (GLUE, CNNDM, SQuAD, SGLUE, EnDe, EnFr, EnRo); ablation tables (validation sets) use the same benchmarks"
Google,T5 (Text-to-Text Transfer Transformer),2019-10-23,https://arxiv.org/abs/1910.10683v1,paper,main,BoolQ,SuperGLUE task,fine-tuned; T5-11B (fine-tuned),,"Test-set results in Table 14 (Sec. 3.7) for T5-11B; Table 14 not reachable (fetch truncated at Sec. 3.5) -> score left empty. Task list per Sec. 2.3 and result-table column headers (GLUE, CNNDM, SQuAD, SGLUE, EnDe, EnFr, EnRo); ablation tables (validation sets) use the same benchmarks; BoolQ/ReCoRD are SuperGLUE components not echoed in fetched text"
Google,T5 (Text-to-Text Transfer Transformer),2019-10-23,https://arxiv.org/abs/1910.10683v1,paper,main,CB,SuperGLUE task,fine-tuned; T5-11B (fine-tuned),,"Test-set results in Table 14 (Sec. 3.7) for T5-11B; Table 14 not reachable (fetch truncated at Sec. 3.5) -> score left empty. Task list per Sec. 2.3 and result-table column headers (GLUE, CNNDM, SQuAD, SGLUE, EnDe, EnFr, EnRo); ablation tables (validation sets) use the same benchmarks"
Google,T5 (Text-to-Text Transfer Transformer),2019-10-23,https://arxiv.org/abs/1910.10683v1,paper,main,COPA,SuperGLUE task,fine-tuned; T5-11B (fine-tuned),,"Test-set results in Table 14 (Sec. 3.7) for T5-11B; Table 14 not reachable (fetch truncated at Sec. 3.5) -> score left empty. Task list per Sec. 2.3 and result-table column headers (GLUE, CNNDM, SQuAD, SGLUE, EnDe, EnFr, EnRo); ablation tables (validation sets) use the same benchmarks"
Google,T5 (Text-to-Text Transfer Transformer),2019-10-23,https://arxiv.org/abs/1910.10683v1,paper,main,MultiRC,SuperGLUE task,fine-tuned; T5-11B (fine-tuned),,"Test-set results in Table 14 (Sec. 3.7) for T5-11B; Table 14 not reachable (fetch truncated at Sec. 3.5) -> score left empty. Task list per Sec. 2.3 and result-table column headers (GLUE, CNNDM, SQuAD, SGLUE, EnDe, EnFr, EnRo); ablation tables (validation sets) use the same benchmarks"
Google,T5 (Text-to-Text Transfer Transformer),2019-10-23,https://arxiv.org/abs/1910.10683v1,paper,main,ReCoRD,SuperGLUE task,fine-tuned; T5-11B (fine-tuned),,"Test-set results in Table 14 (Sec. 3.7) for T5-11B; Table 14 not reachable (fetch truncated at Sec. 3.5) -> score left empty. Task list per Sec. 2.3 and result-table column headers (GLUE, CNNDM, SQuAD, SGLUE, EnDe, EnFr, EnRo); ablation tables (validation sets) use the same benchmarks; BoolQ/ReCoRD are SuperGLUE components not echoed in fetched text"
Google,T5 (Text-to-Text Transfer Transformer),2019-10-23,https://arxiv.org/abs/1910.10683v1,paper,main,RTE,SuperGLUE task,fine-tuned; T5-11B (fine-tuned),,"Test-set results in Table 14 (Sec. 3.7) for T5-11B; Table 14 not reachable (fetch truncated at Sec. 3.5) -> score left empty. Task list per Sec. 2.3 and result-table column headers (GLUE, CNNDM, SQuAD, SGLUE, EnDe, EnFr, EnRo); ablation tables (validation sets) use the same benchmarks"
Google,T5 (Text-to-Text Transfer Transformer),2019-10-23,https://arxiv.org/abs/1910.10683v1,paper,main,WiC,SuperGLUE task,fine-tuned; T5-11B (fine-tuned),,"Test-set results in Table 14 (Sec. 3.7) for T5-11B; Table 14 not reachable (fetch truncated at Sec. 3.5) -> score left empty. Task list per Sec. 2.3 and result-table column headers (GLUE, CNNDM, SQuAD, SGLUE, EnDe, EnFr, EnRo); ablation tables (validation sets) use the same benchmarks"
Google,T5 (Text-to-Text Transfer Transformer),2019-10-23,https://arxiv.org/abs/1910.10683v1,paper,main,WSC,SuperGLUE task,fine-tuned; T5-11B (fine-tuned),,"Test-set results in Table 14 (Sec. 3.7) for T5-11B; Table 14 not reachable (fetch truncated at Sec. 3.5) -> score left empty. Task list per Sec. 2.3 and result-table column headers (GLUE, CNNDM, SQuAD, SGLUE, EnDe, EnFr, EnRo); ablation tables (validation sets) use the same benchmarks"
Google,T5 (Text-to-Text Transfer Transformer),2019-10-23,https://arxiv.org/abs/1910.10683v1,paper,main,CNN/Daily Mail,"abstractive summarization, ROUGE",fine-tuned; T5-11B (fine-tuned),,"Test-set results in Table 14 (Sec. 3.7) for T5-11B; Table 14 not reachable (fetch truncated at Sec. 3.5) -> score left empty. Task list per Sec. 2.3 and result-table column headers (GLUE, CNNDM, SQuAD, SGLUE, EnDe, EnFr, EnRo); ablation tables (validation sets) use the same benchmarks"
Google,T5 (Text-to-Text Transfer Transformer),2019-10-23,https://arxiv.org/abs/1910.10683v1,paper,main,SQuAD,"v1.1, EM/F1",fine-tuned; T5-11B (fine-tuned),,"Test-set results in Table 14 (Sec. 3.7) for T5-11B; Table 14 not reachable (fetch truncated at Sec. 3.5) -> score left empty. Task list per Sec. 2.3 and result-table column headers (GLUE, CNNDM, SQuAD, SGLUE, EnDe, EnFr, EnRo); ablation tables (validation sets) use the same benchmarks"
Google,T5 (Text-to-Text Transfer Transformer),2019-10-23,https://arxiv.org/abs/1910.10683v1,paper,main,WMT English-German,"EnDe, BLEU",fine-tuned; T5-11B (fine-tuned),,"Test-set results in Table 14 (Sec. 3.7) for T5-11B; Table 14 not reachable (fetch truncated at Sec. 3.5) -> score left empty. Task list per Sec. 2.3 and result-table column headers (GLUE, CNNDM, SQuAD, SGLUE, EnDe, EnFr, EnRo); ablation tables (validation sets) use the same benchmarks"
Google,T5 (Text-to-Text Transfer Transformer),2019-10-23,https://arxiv.org/abs/1910.10683v1,paper,main,WMT English-French,"EnFr, BLEU",fine-tuned; T5-11B (fine-tuned),,"Test-set results in Table 14 (Sec. 3.7) for T5-11B; Table 14 not reachable (fetch truncated at Sec. 3.5) -> score left empty. Task list per Sec. 2.3 and result-table column headers (GLUE, CNNDM, SQuAD, SGLUE, EnDe, EnFr, EnRo); ablation tables (validation sets) use the same benchmarks"
Google,T5 (Text-to-Text Transfer Transformer),2019-10-23,https://arxiv.org/abs/1910.10683v1,paper,main,WMT English-Romanian,"EnRo, BLEU",fine-tuned; T5-11B (fine-tuned),,"Test-set results in Table 14 (Sec. 3.7) for T5-11B; Table 14 not reachable (fetch truncated at Sec. 3.5) -> score left empty. Task list per Sec. 2.3 and result-table column headers (GLUE, CNNDM, SQuAD, SGLUE, EnDe, EnFr, EnRo); ablation tables (validation sets) use the same benchmarks"
Google,T5 (Text-to-Text Transfer Transformer),2019-10-23,https://arxiv.org/abs/1910.10683v1,paper,main,Definite Pronoun Resolution (DPR),added to SuperGLUE training mixture (WSC),"training data, not reported separately",,Used to train for WSC; noted for completeness
Google,Gopher,2021-12-08,https://arxiv.org/abs/2112.11446v2,paper,main,WikiText-103,language modelling,Gopher 280B,,Table 3 (152 evaluation tasks by category); per-task numbers in Appendix D (not reachable)
Google,Gopher,2021-12-08,https://arxiv.org/abs/2112.11446v2,paper,main,The Pile,"19 subsets (language modelling, bits-per-byte)",Gopher 280B,,"Table 3 (152 evaluation tasks by category); per-task numbers in Appendix D (not reachable); examples PG-19, arXiv, FreeLaw"
Google,Gopher,2021-12-08,https://arxiv.org/abs/2112.11446v2,paper,main,RACE-m,reading comprehension,few-shot; Gopher 280B,75.1,Table 4
Google,Gopher,2021-12-08,https://arxiv.org/abs/2112.11446v2,paper,main,RACE-h,reading comprehension,few-shot; Gopher 280B,71.6,Table 4
Google,Gopher,2021-12-08,https://arxiv.org/abs/2112.11446v2,paper,main,LAMBADA,reading comprehension,zero-shot; Gopher 280B,,Table 3 (152 evaluation tasks by category); per-task numbers in Appendix D (not reachable)
Google,Gopher,2021-12-08,https://arxiv.org/abs/2112.11446v2,paper,main,FEVER,2-way and 3-way fact checking,Gopher 280B,,Table 3 (152 evaluation tasks by category); per-task numbers in Appendix D (not reachable); text: exceeds supervised SOTA with gold evidence
Google,Gopher,2021-12-08,https://arxiv.org/abs/2112.11446v2,paper,main,MultiFC,fact checking,Gopher 280B,,Table 3 (152 evaluation tasks by category); per-task numbers in Appendix D (not reachable)
Google,Gopher,2021-12-08,https://arxiv.org/abs/2112.11446v2,paper,main,Natural Questions,closed-book QA,Gopher 280B,,Table 3 (152 evaluation tasks by category); per-task numbers in Appendix D (not reachable)
Google,Gopher,2021-12-08,https://arxiv.org/abs/2112.11446v2,paper,main,TriviaQA,closed-book QA,Gopher 280B,,Table 3 (152 evaluation tasks by category); per-task numbers in Appendix D (not reachable)
Google,Gopher,2021-12-08,https://arxiv.org/abs/2112.11446v2,paper,main,TruthfulQA,multiple-choice,Gopher 280B,,Table 3 (152 evaluation tasks by category); per-task numbers in Appendix D (not reachable)
Google,Gopher,2021-12-08,https://arxiv.org/abs/2112.11446v2,paper,main,HellaSwag,common sense,zero-shot; Gopher 280B,,Table 3 (152 evaluation tasks by category); per-task numbers in Appendix D (not reachable)
Google,Gopher,2021-12-08,https://arxiv.org/abs/2112.11446v2,paper,main,Winogrande,common sense,zero-shot; Gopher 280B,,Table 3 (152 evaluation tasks by category); per-task numbers in Appendix D (not reachable)
Google,Gopher,2021-12-08,https://arxiv.org/abs/2112.11446v2,paper,main,PIQA,common sense,zero-shot; Gopher 280B,,Table 3 (152 evaluation tasks by category); per-task numbers in Appendix D (not reachable)
Google,Gopher,2021-12-08,https://arxiv.org/abs/2112.11446v2,paper,main,SIQA,common sense,zero-shot; Gopher 280B,,Table 3 (152 evaluation tasks by category); per-task numbers in Appendix D (not reachable)
Google,Gopher,2021-12-08,https://arxiv.org/abs/2112.11446v2,paper,main,MMLU,57 tasks,5-shot; Gopher 280B,60.0,Table 5; per-subject results in appendix
Google,Gopher,2021-12-08,https://arxiv.org/abs/2112.11446v2,paper,main,BIG-bench,62 tasks,few-shot; Gopher 280B,,Table 3 (152 evaluation tasks by category); per-task numbers in Appendix D (not reachable); per-task results in appendix
Google,Gopher,2021-12-08,https://arxiv.org/abs/2112.11446v2,paper,main,RealToxicityPrompts,toxicity of continuations,Gopher 280B,,Sec. 5 (toxicity)
Google,Gopher,2021-12-08,https://arxiv.org/abs/2112.11446v2,paper,main,CivilComments,few-shot toxicity classification,20-shot; Gopher 280B,AUC ~0.76,Sec. 5 (text)
Google,Gopher,2021-12-08,https://arxiv.org/abs/2112.11446v2,paper,main,Winogender,gender bias in coreference,Gopher 280B,,Sec. 5 (distributional bias)
Google,Gopher,2021-12-08,https://arxiv.org/abs/2112.11446v2,paper,main,"Sentiment bias (occupations, countries, races, religions)",internal templates,Gopher 280B,,Sec. 5
Google,Gopher,2021-12-08,https://arxiv.org/abs/2112.11446v2,paper,main,Dialect perplexity (African American vs White-aligned English),TwitterAAE,Gopher 280B,,Sec. 5
Google,Chinchilla,2022-03-29,https://arxiv.org/abs/2203.15556v1,paper,main,The Pile,"19 subsets: pile_cc, pubmed_abstracts, stackexchange, github, openwebtext2, arxiv, uspto_backgrounds, freelaw, pubmed_central, dm_mathematics, hackernews, nih_exporter, opensubtitles, europarl, books3, philpapers, gutenberg_pg_19, bookcorpus2, ubuntu_irc",bits-per-byte; Chinchilla 70B,,Language modelling figure (Table 5 category: 20 LM tasks); per-subset values in figure
Google,Chinchilla,2022-03-29,https://arxiv.org/abs/2203.15556v1,paper,main,WikiText-103,perplexity,Chinchilla 70B,7.16,Language modelling
Google,Chinchilla,2022-03-29,https://arxiv.org/abs/2203.15556v1,paper,appendix,C4,language modelling,Chinchilla 70B,,Appendix C
Google,Chinchilla,2022-03-29,https://arxiv.org/abs/2203.15556v1,paper,main,MMLU,"57 tasks, average",5-shot; Chinchilla 70B,67.6%,Table 6; per-task results Table A6
Google,Chinchilla,2022-03-29,https://arxiv.org/abs/2203.15556v1,paper,main,LAMBADA,,zero-shot; Chinchilla 70B,77.4%,Table 7 (reading comprehension)
Google,Chinchilla,2022-03-29,https://arxiv.org/abs/2203.15556v1,paper,main,RACE-m,,few-shot; Chinchilla 70B,86.8%,Table 7
Google,Chinchilla,2022-03-29,https://arxiv.org/abs/2203.15556v1,paper,main,RACE-h,,few-shot; Chinchilla 70B,82.3%,Table 7
Google,Chinchilla,2022-03-29,https://arxiv.org/abs/2203.15556v1,paper,main,BIG-bench,"62 tasks, average",few-shot; Chinchilla 70B,65.1%,Per-task results Table A7
Google,Chinchilla,2022-03-29,https://arxiv.org/abs/2203.15556v1,paper,main,HellaSwag,,zero-shot; Chinchilla 70B,80.8%,Table 8 (common sense)
Google,Chinchilla,2022-03-29,https://arxiv.org/abs/2203.15556v1,paper,main,PIQA,,zero-shot; Chinchilla 70B,81.8%,Table 8
Google,Chinchilla,2022-03-29,https://arxiv.org/abs/2203.15556v1,paper,main,Winogrande,,zero-shot; Chinchilla 70B,74.9%,Table 8
Google,Chinchilla,2022-03-29,https://arxiv.org/abs/2203.15556v1,paper,main,SIQA,,zero-shot; Chinchilla 70B,51.3%,Table 8
Google,Chinchilla,2022-03-29,https://arxiv.org/abs/2203.15556v1,paper,main,BoolQ,,zero-shot; Chinchilla 70B,83.7%,Table 8
Google,Chinchilla,2022-03-29,https://arxiv.org/abs/2203.15556v1,paper,main,TruthfulQA,multiple-choice,10-shot; Chinchilla 70B,66.7%,Table 8 area / QA category
Google,Chinchilla,2022-03-29,https://arxiv.org/abs/2203.15556v1,paper,main,Natural Questions,closed-book,5-shot; Chinchilla 70B,31.5%,Table 9 (0/5/64-shot reported)
Google,Chinchilla,2022-03-29,https://arxiv.org/abs/2203.15556v1,paper,main,TriviaQA,"closed-book, unfiltered",5-shot; Chinchilla 70B,73.2%,Table 9; filtered 5-shot 64.1%
Google,Chinchilla,2022-03-29,https://arxiv.org/abs/2203.15556v1,paper,main,Winogender,gender bias (pronoun resolution),Chinchilla 70B,78.3%,Table 10 (overall)
Google,Chinchilla,2022-03-29,https://arxiv.org/abs/2203.15556v1,paper,main,Toxicity of unprompted samples (Perspective API),internal sample set,Chinchilla 70B,0.087 mean toxicity,Sec. 4.2.7 (Gopher 0.081)
Google,PaLM,2022-04-04,https://arxiv.org/abs/2204.02311v1,paper,main,TriviaQA,EM,few-shot; PaLM 540B,81.4,Table 4 (29 English NLP benchmarks; 0-shot/1-shot/few-shot); score = few-shot
Google,PaLM,2022-04-04,https://arxiv.org/abs/2204.02311v1,paper,main,Natural Questions,EM,few-shot; PaLM 540B,39.6,Table 4 (29 English NLP benchmarks; 0-shot/1-shot/few-shot); score = few-shot
Google,PaLM,2022-04-04,https://arxiv.org/abs/2204.02311v1,paper,main,Web Questions,EM,few-shot; PaLM 540B,43.5,Table 4 (29 English NLP benchmarks; 0-shot/1-shot/few-shot); score = few-shot
Google,PaLM,2022-04-04,https://arxiv.org/abs/2204.02311v1,paper,main,LAMBADA,EM,few-shot; PaLM 540B,89.7,Table 4 (29 English NLP benchmarks; 0-shot/1-shot/few-shot); score = few-shot
Google,PaLM,2022-04-04,https://arxiv.org/abs/2204.02311v1,paper,main,HellaSwag,,few-shot; PaLM 540B,83.8,Table 4 (29 English NLP benchmarks; 0-shot/1-shot/few-shot); score = few-shot
Google,PaLM,2022-04-04,https://arxiv.org/abs/2204.02311v1,paper,main,StoryCloze,,few-shot; PaLM 540B,89.0,Table 4 (29 English NLP benchmarks; 0-shot/1-shot/few-shot); score = few-shot
Google,PaLM,2022-04-04,https://arxiv.org/abs/2204.02311v1,paper,main,Winograd,,few-shot; PaLM 540B,89.4,Table 4 (29 English NLP benchmarks; 0-shot/1-shot/few-shot); score = few-shot
Google,PaLM,2022-04-04,https://arxiv.org/abs/2204.02311v1,paper,main,Winogrande,,few-shot; PaLM 540B,85.1,Table 4 (29 English NLP benchmarks; 0-shot/1-shot/few-shot); score = few-shot
Google,PaLM,2022-04-04,https://arxiv.org/abs/2204.02311v1,paper,main,DROP,F1,few-shot; PaLM 540B,70.8,Table 4 (29 English NLP benchmarks; 0-shot/1-shot/few-shot); score = few-shot
Google,PaLM,2022-04-04,https://arxiv.org/abs/2204.02311v1,paper,main,CoQA,F1,few-shot; PaLM 540B,81.5,Table 4 (29 English NLP benchmarks; 0-shot/1-shot/few-shot); score = few-shot
Google,PaLM,2022-04-04,https://arxiv.org/abs/2204.02311v1,paper,main,QuAC,F1,few-shot; PaLM 540B,47.7,Table 4 (29 English NLP benchmarks; 0-shot/1-shot/few-shot); score = few-shot
Google,PaLM,2022-04-04,https://arxiv.org/abs/2204.02311v1,paper,main,SQuADv2,F1,few-shot; PaLM 540B,83.3,Table 4 (29 English NLP benchmarks; 0-shot/1-shot/few-shot); score = few-shot; SQuADv2 EM 79.6
Google,PaLM,2022-04-04,https://arxiv.org/abs/2204.02311v1,paper,main,RACE-m,,few-shot; PaLM 540B,72.1,Table 4 (29 English NLP benchmarks; 0-shot/1-shot/few-shot); score = few-shot
Google,PaLM,2022-04-04,https://arxiv.org/abs/2204.02311v1,paper,main,RACE-h,,few-shot; PaLM 540B,54.6,Table 4 (29 English NLP benchmarks; 0-shot/1-shot/few-shot); score = few-shot
Google,PaLM,2022-04-04,https://arxiv.org/abs/2204.02311v1,paper,main,PIQA,,few-shot; PaLM 540B,85.2,Table 4 (29 English NLP benchmarks; 0-shot/1-shot/few-shot); score = few-shot
Google,PaLM,2022-04-04,https://arxiv.org/abs/2204.02311v1,paper,main,ARC-e,,few-shot; PaLM 540B,88.4,Table 4 (29 English NLP benchmarks; 0-shot/1-shot/few-shot); score = few-shot
Google,PaLM,2022-04-04,https://arxiv.org/abs/2204.02311v1,paper,main,ARC-c,,few-shot; PaLM 540B,65.9,Table 4 (29 English NLP benchmarks; 0-shot/1-shot/few-shot); score = few-shot
Google,PaLM,2022-04-04,https://arxiv.org/abs/2204.02311v1,paper,main,OpenbookQA,,few-shot; PaLM 540B,68.0,Table 4 (29 English NLP benchmarks; 0-shot/1-shot/few-shot); score = few-shot
Google,PaLM,2022-04-04,https://arxiv.org/abs/2204.02311v1,paper,main,BoolQ,,few-shot; PaLM 540B,89.1,Table 4 (29 English NLP benchmarks; 0-shot/1-shot/few-shot); score = few-shot
Google,PaLM,2022-04-04,https://arxiv.org/abs/2204.02311v1,paper,main,COPA,,few-shot; PaLM 540B,95.0,Table 4 (29 English NLP benchmarks; 0-shot/1-shot/few-shot); score = few-shot
Google,PaLM,2022-04-04,https://arxiv.org/abs/2204.02311v1,paper,main,RTE,,few-shot; PaLM 540B,81.2,Table 4 (29 English NLP benchmarks; 0-shot/1-shot/few-shot); score = few-shot
Google,PaLM,2022-04-04,https://arxiv.org/abs/2204.02311v1,paper,main,WiC,,few-shot; PaLM 540B,64.6,Table 4 (29 English NLP benchmarks; 0-shot/1-shot/few-shot); score = few-shot
Google,PaLM,2022-04-04,https://arxiv.org/abs/2204.02311v1,paper,main,MultiRC,F1a,few-shot; PaLM 540B,86.3,Table 4 (29 English NLP benchmarks; 0-shot/1-shot/few-shot); score = few-shot
Google,PaLM,2022-04-04,https://arxiv.org/abs/2204.02311v1,paper,main,WSC,,few-shot; PaLM 540B,89.5,Table 4 (29 English NLP benchmarks; 0-shot/1-shot/few-shot); score = few-shot
Google,PaLM,2022-04-04,https://arxiv.org/abs/2204.02311v1,paper,main,ReCoRD,,few-shot; PaLM 540B,92.9,Table 4 (29 English NLP benchmarks; 0-shot/1-shot/few-shot); score = few-shot
Google,PaLM,2022-04-04,https://arxiv.org/abs/2204.02311v1,paper,main,CB,,few-shot; PaLM 540B,89.3,Table 4 (29 English NLP benchmarks; 0-shot/1-shot/few-shot); score = few-shot
Google,PaLM,2022-04-04,https://arxiv.org/abs/2204.02311v1,paper,main,ANLI,R1,few-shot; PaLM 540B,56.9,Table 4 (29 English NLP benchmarks; 0-shot/1-shot/few-shot); score = few-shot
Google,PaLM,2022-04-04,https://arxiv.org/abs/2204.02311v1,paper,main,ANLI,R2,few-shot; PaLM 540B,56.1,Table 4 (29 English NLP benchmarks; 0-shot/1-shot/few-shot); score = few-shot
Google,PaLM,2022-04-04,https://arxiv.org/abs/2204.02311v1,paper,main,ANLI,R3,few-shot; PaLM 540B,51.2,Table 4 (29 English NLP benchmarks; 0-shot/1-shot/few-shot); score = few-shot
Google,PaLM,2022-04-04,https://www.jmlr.org/papers/volume24/22-1144/22-1144.pdf,paper,main,MMLU,57 tasks average,5-shot; PaLM 540B,69.3,"Table 6 (Humanities 77.0, STEM 55.6, Social Sciences 81.0, Other 69.6) [values from JMLR version]"
Google,PaLM,2022-04-04,https://arxiv.org/abs/2204.02311v1,paper,main,SuperGLUE,"test set (leaderboard), average",fine-tuned; PaLM 540B,90.4,"Table 8; dev-set fine-tuning vs few-shot in Tables 6-7 (per-task BoolQ, CB, COPA, MultiRC, ReCoRD, RTE, WiC, WSC)"
Google,PaLM,2022-04-04,https://arxiv.org/abs/2204.02311v1,paper,main,BIG-bench,150 textual tasks (58 in common with prior models),5-shot; PaLM 540B,,Sec. 6.2 (figures); normalized preferred metric aggregate
Google,PaLM,2022-04-04,https://arxiv.org/abs/2204.02311v1,paper,main,BIG-bench Lite,24 tasks,5-shot; PaLM 540B,,Sec. 6.2
Google,PaLM,2022-04-04,https://arxiv.org/abs/2204.02311v1,paper,main,BIG-bench tasks highlighted,"goal_step_wikihow, logical_args, english_proverbs, logical_sequence, navigate, mathematical_induction, cause_and_effect, periodic_elements, common_morpheme, sufficient_information",PaLM 540B,,Sec. 6.2 text/figures
Google,PaLM,2022-04-04,https://arxiv.org/abs/2204.02311v1,paper,main,GSM8K,,8-shot chain-of-thought + calculator; PaLM 540B,58%,Table 9; without calculator 54%
Google,PaLM,2022-04-04,https://arxiv.org/abs/2204.02311v1,paper,main,SVAMP,,8-shot CoT; PaLM 540B,,Figure 10 only
Google,PaLM,2022-04-04,https://arxiv.org/abs/2204.02311v1,paper,main,MAWPS,,CoT; PaLM 540B,,Figure 10 only
Google,PaLM,2022-04-04,https://arxiv.org/abs/2204.02311v1,paper,main,ASDiv,,CoT; PaLM 540B,,Figure 10 only
Google,PaLM,2022-04-04,https://arxiv.org/abs/2204.02311v1,paper,main,AQuA,,CoT; PaLM 540B,,Figure 10 only
Google,PaLM,2022-04-04,https://arxiv.org/abs/2204.02311v1,paper,main,CommonsenseQA,,CoT; PaLM 540B,,Figure 10 only
Google,PaLM,2022-04-04,https://arxiv.org/abs/2204.02311v1,paper,main,StrategyQA,,CoT; PaLM 540B,,Figure 10 only
Google,PaLM,2022-04-04,https://arxiv.org/abs/2204.02311v1,paper,main,HumanEval,,pass@1; PaLM 540B / PaLM-Coder 540B,26.2 / 36.0,Table 11 (code)
Google,PaLM,2022-04-04,https://arxiv.org/abs/2204.02311v1,paper,main,MBPP,,pass@1; PaLM 540B / PaLM-Coder 540B,36.8 / 47.0,Table 11
Google,PaLM,2022-04-04,https://arxiv.org/abs/2204.02311v1,paper,main,TransCoder,,pass@1; PaLM 540B / PaLM-Coder 540B,51.8 / 55.1,Table 11
Google,PaLM,2022-04-04,https://arxiv.org/abs/2204.02311v1,paper,main,GSM8K-Python,,pass@1; PaLM 540B / PaLM-Coder 540B,51.3 / 50.9,Table 11
Google,PaLM,2022-04-04,https://arxiv.org/abs/2204.02311v1,paper,main,DeepFix,compile rate,PaLM 540B / PaLM-Coder 540B,73.7 / 82.1,Table 12
Google,PaLM,2022-04-04,https://arxiv.org/abs/2204.02311v1,paper,main,WMT English-French,"en-fr / fr-en, BLEU",few-shot; PaLM 540B,44.0 / 42.8,Table 13
Google,PaLM,2022-04-04,https://arxiv.org/abs/2204.02311v1,paper,main,WMT English-German,"en-de / de-en, BLEU",few-shot; PaLM 540B,37.4 / 47.5,Table 13
Google,PaLM,2022-04-04,https://arxiv.org/abs/2204.02311v1,paper,main,WMT English-Romanian,"en-ro / ro-en, BLEU",few-shot; PaLM 540B,28.7 / 43.8,Table 13
Google,PaLM,2022-04-04,https://arxiv.org/abs/2204.02311v1,paper,main,WMT English-Kazakh,"en-kk / kk-en, BLEU",few-shot; PaLM 540B,5.1 / 20.8,Table 14 (low-resource)
Google,PaLM,2022-04-04,https://arxiv.org/abs/2204.02311v1,paper,main,WMT German-French,"de-fr / fr-de, BLEU",few-shot; PaLM 540B,25.7 / 17.4,Table 14 (non-English-centric)
Google,Flan-PaLM (Scaling Instruction-Finetuned Language Models),2022-10-20,https://arxiv.org/abs/2210.11416,paper,main,MMLU,57 tasks,5-shot CoT + self-consistency; Flan-PaLM 540B,75.2,"Table 4 (Flan-PaLM vs PaLM); also Tables 3/5 (scaling, Flan-T5/cont-PaLM/U-PaLM); direct 72.2, CoT 70.2; Table 1 = MMLU history vs prior models; per-task results in appendix"
Google,Flan-PaLM (Scaling Instruction-Finetuned Language Models),2022-10-20,https://arxiv.org/abs/2210.11416,paper,main,BIG-Bench Hard (BBH),BBH-nlp,3-shot CoT + self-consistency; Flan-PaLM 540B,78.4,"Table 4 (Flan-PaLM vs PaLM); also Tables 3/5 (scaling, Flan-T5/cont-PaLM/U-PaLM); direct 70.0, CoT 72.4; per-task results in appendix"
Google,Flan-PaLM (Scaling Instruction-Finetuned Language Models),2022-10-20,https://arxiv.org/abs/2210.11416,paper,main,BIG-Bench Hard (BBH),BBH-alg,3-shot CoT + self-consistency; Flan-PaLM 540B,66.5,"Table 4 (Flan-PaLM vs PaLM); also Tables 3/5 (scaling, Flan-T5/cont-PaLM/U-PaLM); direct 48.2, CoT 61.3"
Google,Flan-PaLM (Scaling Instruction-Finetuned Language Models),2022-10-20,https://arxiv.org/abs/2210.11416,paper,main,TyDiQA,GoldP (8 languages),1-shot direct; Flan-PaLM 540B,67.8,"Table 4 (Flan-PaLM vs PaLM); also Tables 3/5 (scaling, Flan-T5/cont-PaLM/U-PaLM)"
Google,Flan-PaLM (Scaling Instruction-Finetuned Language Models),2022-10-20,https://arxiv.org/abs/2210.11416,paper,main,MGSM,10 languages,8-shot CoT + self-consistency; Flan-PaLM 540B,72.0,"Table 4 (Flan-PaLM vs PaLM); also Tables 3/5 (scaling, Flan-T5/cont-PaLM/U-PaLM); direct 21.2, CoT 57.0"
Google,Flan-PaLM (Scaling Instruction-Finetuned Language Models),2022-10-20,https://ar5iv.labs.arxiv.org/html/2210.11416,paper,main,GSM8K,,Flan-PaLM,,Mentioned in text (fetch reports 83.9%); not in main tables; score not verified
Google,Flan-PaLM (Scaling Instruction-Finetuned Language Models),2022-10-20,https://ar5iv.labs.arxiv.org/html/2210.11416,paper,main,Open-ended generation human evaluation,"190 examples, 5 categories (internal)",Flan-PaLM 540B,,Section 6 usability evaluation (human preference)
Google,Flan-PaLM (Scaling Instruction-Finetuned Language Models),2022-10-20,https://ar5iv.labs.arxiv.org/html/2210.11416,paper,appendix,RealToxicityPrompts,,Flan-PaLM 540B,,Appendix C (representational bias and toxicity)
Google,Flan-PaLM (Scaling Instruction-Finetuned Language Models),2022-10-20,https://ar5iv.labs.arxiv.org/html/2210.11416,paper,appendix,CivilComments,toxicity classification,Flan-PaLM 540B,,Appendix C
Google,Flan-PaLM (Scaling Instruction-Finetuned Language Models),2022-10-20,https://ar5iv.labs.arxiv.org/html/2210.11416,paper,appendix,Winogender,,Flan-PaLM 540B,,Appendix C
Google,Flan-PaLM (Scaling Instruction-Finetuned Language Models),2022-10-20,https://ar5iv.labs.arxiv.org/html/2210.11416,paper,appendix,BBQ,,Flan-PaLM 540B,,Appendix C (as named by fetch; verify)
Google,PaLM 2,2023-05-10,https://arxiv.org/abs/2305.10403v1,tech_report,main,Professional language proficiency exams,"C2-level exams, several languages (Figure 1)",PaLM 2-L,passing grade in every language,Figure 1 / Sec. 4.1; exam-level details only in figure
Google,PaLM 2,2023-05-10,https://arxiv.org/abs/2305.10403v1,tech_report,main,TriviaQA,EM,1-shot; PaLM 2-L,86.1,"Table 2 (English QA & classification, 1-shot)"
Google,PaLM 2,2023-05-10,https://arxiv.org/abs/2305.10403v1,tech_report,main,NaturalQuestions,EM,1-shot; PaLM 2-L,37.5,"Table 2 (English QA & classification, 1-shot)"
Google,PaLM 2,2023-05-10,https://arxiv.org/abs/2305.10403v1,tech_report,main,WebQuestions,EM,1-shot; PaLM 2-L,28.2,"Table 2 (English QA & classification, 1-shot)"
Google,PaLM 2,2023-05-10,https://arxiv.org/abs/2305.10403v1,tech_report,main,LAMBADA,,1-shot; PaLM 2-L,86.9,"Table 2 (English QA & classification, 1-shot)"
Google,PaLM 2,2023-05-10,https://arxiv.org/abs/2305.10403v1,tech_report,main,HellaSwag,,1-shot; PaLM 2-L,86.8,"Table 2 (English QA & classification, 1-shot)"
Google,PaLM 2,2023-05-10,https://arxiv.org/abs/2305.10403v1,tech_report,main,StoryCloze,,1-shot; PaLM 2-L,87.4,"Table 2 (English QA & classification, 1-shot)"
Google,PaLM 2,2023-05-10,https://arxiv.org/abs/2305.10403v1,tech_report,main,WSC,,1-shot; PaLM 2-L,86.9,"Table 2 (English QA & classification, 1-shot)"
Google,PaLM 2,2023-05-10,https://arxiv.org/abs/2305.10403v1,tech_report,main,WinoGrande,,1-shot; PaLM 2-L,83.0,"Table 2 (English QA & classification, 1-shot)"
Google,PaLM 2,2023-05-10,https://arxiv.org/abs/2305.10403v1,tech_report,main,Winograd,,1-shot; PaLM 2-L,89.5,"Table 2 (English QA & classification, 1-shot)"
Google,PaLM 2,2023-05-10,https://arxiv.org/abs/2305.10403v1,tech_report,main,SQuAD v2,EM,1-shot; PaLM 2-L,80.5,"Table 2 (English QA & classification, 1-shot)"
Google,PaLM 2,2023-05-10,https://arxiv.org/abs/2305.10403v1,tech_report,main,RACE-H,,1-shot; PaLM 2-L,62.3,"Table 2 (English QA & classification, 1-shot)"
Google,PaLM 2,2023-05-10,https://arxiv.org/abs/2305.10403v1,tech_report,main,RACE-M,,1-shot; PaLM 2-L,77.0,"Table 2 (English QA & classification, 1-shot)"
Google,PaLM 2,2023-05-10,https://arxiv.org/abs/2305.10403v1,tech_report,main,PIQA,,1-shot; PaLM 2-L,85.0,"Table 2 (English QA & classification, 1-shot)"
Google,PaLM 2,2023-05-10,https://arxiv.org/abs/2305.10403v1,tech_report,main,ARC-C,,1-shot; PaLM 2-L,69.2,"Table 2 (English QA & classification, 1-shot)"
Google,PaLM 2,2023-05-10,https://arxiv.org/abs/2305.10403v1,tech_report,main,ARC-E,,1-shot; PaLM 2-L,89.7,"Table 2 (English QA & classification, 1-shot)"
Google,PaLM 2,2023-05-10,https://arxiv.org/abs/2305.10403v1,tech_report,main,OpenBookQA,,1-shot; PaLM 2-L,58.5,"Table 2 (English QA & classification, 1-shot)"
Google,PaLM 2,2023-05-10,https://arxiv.org/abs/2305.10403v1,tech_report,main,BoolQ,,1-shot; PaLM 2-L,90.9,"Table 2 (English QA & classification, 1-shot)"
Google,PaLM 2,2023-05-10,https://arxiv.org/abs/2305.10403v1,tech_report,main,COPA,,1-shot; PaLM 2-L,96.0,"Table 2 (English QA & classification, 1-shot)"
Google,PaLM 2,2023-05-10,https://arxiv.org/abs/2305.10403v1,tech_report,main,RTE,,1-shot; PaLM 2-L,79.3,"Table 2 (English QA & classification, 1-shot)"
Google,PaLM 2,2023-05-10,https://arxiv.org/abs/2305.10403v1,tech_report,main,WiC,,1-shot; PaLM 2-L,66.8,"Table 2 (English QA & classification, 1-shot)"
Google,PaLM 2,2023-05-10,https://arxiv.org/abs/2305.10403v1,tech_report,main,MultiRC,F1,1-shot; PaLM 2-L,88.2,"Table 2 (English QA & classification, 1-shot)"
Google,PaLM 2,2023-05-10,https://arxiv.org/abs/2305.10403v1,tech_report,main,ReCoRD,,1-shot; PaLM 2-L,93.8,"Table 2 (English QA & classification, 1-shot)"
Google,PaLM 2,2023-05-10,https://arxiv.org/abs/2305.10403v1,tech_report,main,CB,,1-shot; PaLM 2-L,87.5,"Table 2 (English QA & classification, 1-shot)"
Google,PaLM 2,2023-05-10,https://arxiv.org/abs/2305.10403v1,tech_report,main,ANLI,R1,1-shot; PaLM 2-L,73.1,"Table 2 (English QA & classification, 1-shot)"
Google,PaLM 2,2023-05-10,https://arxiv.org/abs/2305.10403v1,tech_report,main,ANLI,R2,1-shot; PaLM 2-L,63.4,"Table 2 (English QA & classification, 1-shot)"
Google,PaLM 2,2023-05-10,https://arxiv.org/abs/2305.10403v1,tech_report,main,ANLI,R3,1-shot; PaLM 2-L,67.1,"Table 2 (English QA & classification, 1-shot)"
Google,PaLM 2,2023-05-10,https://arxiv.org/abs/2305.10403v1,tech_report,main,TyDi QA,"GoldP, average F1",1-shot; PaLM 2-L,73.6,Table 3 (multilingual QA)
Google,PaLM 2,2023-05-10,https://arxiv.org/abs/2305.10403v1,tech_report,main,TyDi QA,"no-context, average F1",1-shot; PaLM 2-L,40.3,Table 3
Google,PaLM 2,2023-05-10,https://arxiv.org/abs/2305.10403v1,tech_report,main,Multilingual Jigsaw (toxicity classification),AUC-ROC,0-shot / 10-shot; PaLM 2,88.93 / 91.10,Table 4 (as extracted; non-English)
Google,PaLM 2,2023-05-10,https://arxiv.org/abs/2305.10403v1,tech_report,main,Civil Comments (toxicity classification),"English, AUC-ROC",0-shot / 10-shot; PaLM 2,75.96 / 85.35,Table 4 (as extracted)
Google,PaLM 2,2023-05-10,https://arxiv.org/abs/2305.10403v1,tech_report,main,WinoGrande,,5-shot; PaLM 2-L,90.9,Table 5 (reasoning)
Google,PaLM 2,2023-05-10,https://arxiv.org/abs/2305.10403v1,tech_report,main,ARC-C,,4-shot; PaLM 2-L,95.1,Table 5
Google,PaLM 2,2023-05-10,https://arxiv.org/abs/2305.10403v1,tech_report,main,DROP,,3-shot; PaLM 2-L,85.0,Table 5
Google,PaLM 2,2023-05-10,https://arxiv.org/abs/2305.10403v1,tech_report,main,StrategyQA,,6-shot CoT; PaLM 2-L,90.4,Table 5
Google,PaLM 2,2023-05-10,https://arxiv.org/abs/2305.10403v1,tech_report,main,CommonsenseQA (CSQA),,7-shot CoT; PaLM 2-L,90.4,Table 5
Google,PaLM 2,2023-05-10,https://arxiv.org/abs/2305.10403v1,tech_report,main,XCOPA,,4-shot; PaLM 2-L,94.4,Table 5
Google,PaLM 2,2023-05-10,https://arxiv.org/abs/2305.10403v1,tech_report,main,BIG-Bench Hard,23 tasks,3-shot CoT; PaLM 2-L,78.1,Table 5 aggregate; Table 6 gives all 23 task scores
Google,PaLM 2,2023-05-10,https://arxiv.org/abs/2305.10403v1,tech_report,main,MATH,,4-shot CoT; PaLM 2,34.3,Table 7; 48.8 with self-consistency; Flan-PaLM 2 33.2/45.2
Google,PaLM 2,2023-05-10,https://arxiv.org/abs/2305.10403v1,tech_report,main,GSM8K,,8-shot CoT; PaLM 2,80.7,Table 7; 91.0 with self-consistency
Google,PaLM 2,2023-05-10,https://arxiv.org/abs/2305.10403v1,tech_report,main,MGSM,,CoT; PaLM 2,72.2,Table 7; 87.0 with self-consistency
Google,PaLM 2,2023-05-10,https://arxiv.org/abs/2305.10403v1,tech_report,main,HumanEval,,pass@1; PaLM 2-S*,37.6,Table 8 (code; coding-specialized PaLM 2-S*)
Google,PaLM 2,2023-05-10,https://arxiv.org/abs/2305.10403v1,tech_report,main,MBPP,,pass@1; PaLM 2-S*,50.0,Table 8
Google,PaLM 2,2023-05-10,https://arxiv.org/abs/2305.10403v1,tech_report,main,ARCADE,,pass@1; PaLM 2-S*,16.2,Table 8
Google,PaLM 2,2023-05-10,https://arxiv.org/abs/2305.10403v1,tech_report,appendix,BabelCode-HumanEval,multilingual code,PaLM 2-S*,,Appendix Table 18 (referenced; not reachable)
Google,PaLM 2,2023-05-10,https://arxiv.org/abs/2305.10403v1,tech_report,main,WMT21,"zh->en, BLEURT / MQM",PaLM 2,69.2 / 3.0,Table 9
Google,PaLM 2,2023-05-10,https://arxiv.org/abs/2305.10403v1,tech_report,main,WMT21,"en->de, BLEURT / MQM",PaLM 2,73.3 / 0.9,Table 9
Google,PaLM 2,2023-05-10,https://arxiv.org/abs/2305.10403v1,tech_report,main,FRMT,"few-shot regional translation (pt-BR, pt-PT, zh-CN, zh-TW)",PaLM 2,81.1 / 78.3 / 74.4 / 72.0,Table 10 (BLEURT)
Google,PaLM 2,2023-05-10,https://arxiv.org/abs/2305.10403v1,tech_report,main,XSum,,1-shot; PaLM 2-L,23.2,Table 11 (NLG)
Google,PaLM 2,2023-05-10,https://arxiv.org/abs/2305.10403v1,tech_report,main,WikiLingua,,1-shot; PaLM 2-L,23.5,Table 11
Google,PaLM 2,2023-05-10,https://arxiv.org/abs/2305.10403v1,tech_report,main,XLSum,,1-shot; PaLM 2-L,21.3,Table 11
Google,PaLM 2,2023-05-10,https://arxiv.org/abs/2305.10403v1,tech_report,main,RealToxicityPrompts,probability of toxic continuation (non-toxic prompts),"PaLM 2, no control token",0.075,Table 14 (responsible AI)
Google,PaLM 2,2023-05-10,https://arxiv.org/abs/2305.10403v1,tech_report,main,ParlAI Dialogue Safety,standard and adversarial,PaLM 2,,Responsible AI section (named in text)
Google,PaLM 2,2023-05-10,https://arxiv.org/abs/2305.10403v1,tech_report,main,BBQ (Bias Benchmark for QA),,PaLM 2,,Responsible AI section (named in text)
Google,PaLM 2,2023-05-10,https://arxiv.org/abs/2305.10403v1,tech_report,main,Multilingual representational bias,,PaLM 2,,Responsible AI section (named in text)
Google,Gemini 1.0 (Ultra/Pro/Nano),2023-12-06,https://arxiv.org/abs/2312.11805v1,tech_report,main,MMLU,,CoT@32 (uncertainty-routed CoT); Gemini Ultra,90.04%,Table 2 (text); Ultra 5-shot = 83.7%
Google,Gemini 1.0 (Ultra/Pro/Nano),2023-12-06,https://arxiv.org/abs/2312.11805v1,tech_report,main,GSM8K,,Maj1@32; Gemini Ultra,94.4%,Table 2
Google,Gemini 1.0 (Ultra/Pro/Nano),2023-12-06,https://arxiv.org/abs/2312.11805v1,tech_report,main,MATH,,4-shot; Gemini Ultra,53.2%,Table 2
Google,Gemini 1.0 (Ultra/Pro/Nano),2023-12-06,https://arxiv.org/abs/2312.11805v1,tech_report,main,BIG-Bench-Hard,,3-shot; Gemini Ultra,83.6%,Table 2
Google,Gemini 1.0 (Ultra/Pro/Nano),2023-12-06,https://arxiv.org/abs/2312.11805v1,tech_report,main,HumanEval,,0-shot (IT); Gemini Ultra,74.4%,Table 2
Google,Gemini 1.0 (Ultra/Pro/Nano),2023-12-06,https://arxiv.org/abs/2312.11805v1,tech_report,main,Natural2Code,"held-out, no web leakage",0-shot; Gemini Ultra,74.9%,Table 2; internal held-out dataset
Google,Gemini 1.0 (Ultra/Pro/Nano),2023-12-06,https://arxiv.org/abs/2312.11805v1,tech_report,main,DROP,F1,variable shots; Gemini Ultra,82.4,Table 2
Google,Gemini 1.0 (Ultra/Pro/Nano),2023-12-06,https://arxiv.org/abs/2312.11805v1,tech_report,main,HellaSwag,validation,10-shot; Gemini Ultra,87.8%,Table 2; reported decontaminated 10-shot only
Google,Gemini 1.0 (Ultra/Pro/Nano),2023-12-06,https://arxiv.org/abs/2312.11805v1,tech_report,main,WMT23,"BLEURT, all languages",1-shot (IT); Gemini Ultra,74.4,Table 2; per-resource/direction breakdown in multilingual table
Google,Gemini 1.0 (Ultra/Pro/Nano),2023-12-06,https://arxiv.org/abs/2312.11805v1,tech_report,main,BoolQ,,Gemini Nano-2,79.3,Nano results table (Nano-1/Nano-2 only; Ultra/Pro not listed in text)
Google,Gemini 1.0 (Ultra/Pro/Nano),2023-12-06,https://arxiv.org/abs/2312.11805v1,tech_report,main,TydiQA,GoldP,Gemini Nano-2,74.2,Nano results table
Google,Gemini 1.0 (Ultra/Pro/Nano),2023-12-06,https://arxiv.org/abs/2312.11805v1,tech_report,main,NaturalQuestions,Retrieved,Gemini Nano-2,46.5,Nano results table
Google,Gemini 1.0 (Ultra/Pro/Nano),2023-12-06,https://arxiv.org/abs/2312.11805v1,tech_report,main,NaturalQuestions,Closed-book,Gemini Nano-2,24.8,Nano results table
Google,Gemini 1.0 (Ultra/Pro/Nano),2023-12-06,https://arxiv.org/abs/2312.11805v1,tech_report,main,MBPP,,Gemini Nano-2,27.2,Nano results table
Google,Gemini 1.0 (Ultra/Pro/Nano),2023-12-06,https://arxiv.org/abs/2312.11805v1,tech_report,main,MGSM,,8-shot; Gemini Ultra,79.0,Multilingual table
Google,Gemini 1.0 (Ultra/Pro/Nano),2023-12-06,https://arxiv.org/abs/2312.11805v1,tech_report,main,XLSum,ROUGE-L,3-shot; Gemini Ultra,17.6,Multilingual table
Google,Gemini 1.0 (Ultra/Pro/Nano),2023-12-06,https://arxiv.org/abs/2312.11805v1,tech_report,main,WikiLingua,BLEURT,Gemini Ultra,48.9,Multilingual table
Google,Gemini 1.0 (Ultra/Pro/Nano),2023-12-06,https://arxiv.org/abs/2312.11805v1,tech_report,main,Synthetic retrieval (key-value) at 32K context,internal,Gemini Ultra,98%,Long-context section text
Google,Gemini 1.0 (Ultra/Pro/Nano),2023-12-06,https://arxiv.org/abs/2312.11805v1,tech_report,main,Factuality set (inaccuracy rate),internal,"Gemini Pro, final factuality tuning",3.4%,"Factuality table (internal sets, lower is better)"
Google,Gemini 1.0 (Ultra/Pro/Nano),2023-12-06,https://arxiv.org/abs/2312.11805v1,tech_report,main,Attribution set (AIS),internal,"Gemini Pro, final factuality tuning",59.7%,Factuality table (internal)
Google,Gemini 1.0 (Ultra/Pro/Nano),2023-12-06,https://arxiv.org/abs/2312.11805v1,tech_report,main,Hedging set (accuracy),internal,"Gemini Pro, final factuality tuning",69.30%,Factuality table (internal)
Google,Gemini 1.0 (Ultra/Pro/Nano),2023-12-06,https://arxiv.org/abs/2312.11805v1,tech_report,main,Codeforces,AlphaCode 2 (Gemini Pro-based),AlphaCode 2,85th percentile,Section 5 complex reasoning; 43% of problems in 12 contests
Google,Gemini 1.0 (Ultra/Pro/Nano),2023-12-06,https://arxiv.org/abs/2312.11805v1,tech_report,main,MMMU,val,pass@1; Gemini Ultra (pixel only),59.4%,Image table; Maj1@32 62.4%
Google,Gemini 1.0 (Ultra/Pro/Nano),2023-12-06,https://arxiv.org/abs/2312.11805v1,tech_report,main,TextVQA,val,0-shot; Gemini Ultra (pixel only),82.3%,Image table
Google,Gemini 1.0 (Ultra/Pro/Nano),2023-12-06,https://arxiv.org/abs/2312.11805v1,tech_report,main,DocVQA,test,Gemini Ultra (pixel only),90.9%,Image table
Google,Gemini 1.0 (Ultra/Pro/Nano),2023-12-06,https://arxiv.org/abs/2312.11805v1,tech_report,main,ChartQA,test,Gemini Ultra (pixel only),80.8%,Image table
Google,Gemini 1.0 (Ultra/Pro/Nano),2023-12-06,https://arxiv.org/abs/2312.11805v1,tech_report,main,InfographicVQA,test,Gemini Ultra (pixel only),80.3%,Image table
Google,Gemini 1.0 (Ultra/Pro/Nano),2023-12-06,https://arxiv.org/abs/2312.11805v1,tech_report,main,MathVista,testmini,Gemini Ultra (pixel only),53.0%,Image table
Google,Gemini 1.0 (Ultra/Pro/Nano),2023-12-06,https://arxiv.org/abs/2312.11805v1,tech_report,main,AI2D,test,Gemini Ultra (pixel only),79.5%,Image table
Google,Gemini 1.0 (Ultra/Pro/Nano),2023-12-06,https://arxiv.org/abs/2312.11805v1,tech_report,main,VQAv2,test-dev,Gemini Ultra (pixel only),77.8%,Image table
Google,Gemini 1.0 (Ultra/Pro/Nano),2023-12-06,https://arxiv.org/abs/2312.11805v1,tech_report,main,XM-3600 (Crossmodal-3600),"multilingual image captioning, 7-language average, CIDEr",4-shot; Gemini Ultra,58.4,Multilingual image captioning table
Google,Gemini 1.0 (Ultra/Pro/Nano),2023-12-06,https://arxiv.org/abs/2312.11805v1,tech_report,main,VATEX,"test, English video captioning (CIDEr)",4-shot; Gemini Ultra,62.7,Video table
Google,Gemini 1.0 (Ultra/Pro/Nano),2023-12-06,https://arxiv.org/abs/2312.11805v1,tech_report,main,VATEX ZH,"test, Chinese video captioning",4-shot; Gemini Ultra,51.3,Video table
Google,Gemini 1.0 (Ultra/Pro/Nano),2023-12-06,https://arxiv.org/abs/2312.11805v1,tech_report,main,YouCook2,"val, video captioning (CIDEr)",4-shot; Gemini Ultra,135.4,Video table
Google,Gemini 1.0 (Ultra/Pro/Nano),2023-12-06,https://arxiv.org/abs/2312.11805v1,tech_report,main,NextQA,"test, video QA",0-shot; Gemini Ultra,29.9,Video table
Google,Gemini 1.0 (Ultra/Pro/Nano),2023-12-06,https://arxiv.org/abs/2312.11805v1,tech_report,main,ActivityNet-QA,test,0-shot; Gemini Ultra,52.2,Video table
Google,Gemini 1.0 (Ultra/Pro/Nano),2023-12-06,https://arxiv.org/abs/2312.11805v1,tech_report,main,Perception Test MCQA,test,0-shot; Gemini Ultra,54.7,Video table
Google,Gemini 1.0 (Ultra/Pro/Nano),2023-12-06,https://arxiv.org/abs/2312.11805v1,tech_report,main,YouTube ASR,"en-us, WER (lower better)",Gemini Pro,4.9%,Audio table (Pro and Nano-1 only)
Google,Gemini 1.0 (Ultra/Pro/Nano),2023-12-06,https://arxiv.org/abs/2312.11805v1,tech_report,main,Multilingual Librispeech,"en-us, WER",Gemini Pro,4.8%,Audio table
Google,Gemini 1.0 (Ultra/Pro/Nano),2023-12-06,https://arxiv.org/abs/2312.11805v1,tech_report,main,FLEURS,"62 lang, WER",Gemini Pro,7.6%,Audio table
Google,Gemini 1.0 (Ultra/Pro/Nano),2023-12-06,https://arxiv.org/abs/2312.11805v1,tech_report,main,VoxPopuli,"14 lang, WER",Gemini Pro,9.1%,Audio table
Google,Gemini 1.0 (Ultra/Pro/Nano),2023-12-06,https://arxiv.org/abs/2312.11805v1,tech_report,main,CoVoST 2,"21 lang, speech translation BLEU",Gemini Pro,40.1,Audio table
Google,Gemini 1.5 Pro (Feb 2024 report),2024-02-15,https://arxiv.org/abs/2403.05530v1,tech_report,main,HellaSwag,,10-shot; Gemini 1.5 Pro (Feb 2024),92.5%,Table 8 (core text)
Google,Gemini 1.5 Pro (Feb 2024 report),2024-02-15,https://arxiv.org/abs/2403.05530v1,tech_report,main,MMLU,,5-shot; Gemini 1.5 Pro (Feb 2024),81.9%,Table 8
Google,Gemini 1.5 Pro (Feb 2024 report),2024-02-15,https://arxiv.org/abs/2403.05530v1,tech_report,main,GSM8K,,11-shot; Gemini 1.5 Pro (Feb 2024),91.7%,Table 8
Google,Gemini 1.5 Pro (Feb 2024 report),2024-02-15,https://arxiv.org/abs/2403.05530v1,tech_report,main,GPQA,,4-shot; Gemini 1.5 Pro (Feb 2024),37.9%,Table 8; 0-shot 41.5%
Google,Gemini 1.5 Pro (Feb 2024 report),2024-02-15,https://arxiv.org/abs/2403.05530v1,tech_report,main,MATH,Minerva prompt,4-shot; Gemini 1.5 Pro (Feb 2024),58.5%,Table 8; 7-shot 59.4%
Google,Gemini 1.5 Pro (Feb 2024 report),2024-02-15,https://arxiv.org/abs/2403.05530v1,tech_report,main,PhysicsFinals,internal held-out,0-shot; Gemini 1.5 Pro (Feb 2024),60.7%,Table 8
Google,Gemini 1.5 Pro (Feb 2024 report),2024-02-15,https://arxiv.org/abs/2403.05530v1,tech_report,main,AMC 2022-23,,4-shot; Gemini 1.5 Pro (Feb 2024),37.2%,Table 8
Google,Gemini 1.5 Pro (Feb 2024 report),2024-02-15,https://arxiv.org/abs/2403.05530v1,tech_report,main,BigBench-Hard,,3-shot; Gemini 1.5 Pro (Feb 2024),84.0%,Table 8
Google,Gemini 1.5 Pro (Feb 2024 report),2024-02-15,https://arxiv.org/abs/2403.05530v1,tech_report,main,DROP,F1,variable shots; Gemini 1.5 Pro (Feb 2024),78.9,Table 8
Google,Gemini 1.5 Pro (Feb 2024 report),2024-02-15,https://arxiv.org/abs/2403.05530v1,tech_report,main,HumanEval,,"0-shot, chat preamble; Gemini 1.5 Pro (Feb 2024)",71.9%,Table 8
Google,Gemini 1.5 Pro (Feb 2024 report),2024-02-15,https://arxiv.org/abs/2403.05530v1,tech_report,main,Natural2Code,internal held-out,"0-shot, chat preamble; Gemini 1.5 Pro (Feb 2024)",77.7%,Table 8
Google,Gemini 1.5 Pro (Feb 2024 report),2024-02-15,https://arxiv.org/abs/2403.05530v1,tech_report,main,WMT23,BLEURT,1-shot; Gemini 1.5 Pro (Feb 2024),75.20,Table 8
Google,Gemini 1.5 Pro (Feb 2024 report),2024-02-15,https://arxiv.org/abs/2403.05530v1,tech_report,main,MGSM,,8-shot; Gemini 1.5 Pro (Feb 2024),88.73%,Table 8
Google,Gemini 1.5 Pro (Feb 2024 report),2024-02-15,https://arxiv.org/abs/2403.05530v1,tech_report,main,Instruction following (internal prompt set),per-instruction / full-response accuracy,Gemini 1.5 Pro (Feb 2024),88.7% / 66.0%,Table 9 (internal)
Google,Gemini 1.5 Pro (Feb 2024 report),2024-02-15,https://arxiv.org/abs/2403.05530v1,tech_report,main,MMMU,val,0-shot; Gemini 1.5 Pro (Feb 2024),58.5%,Table 10 (image)
Google,Gemini 1.5 Pro (Feb 2024 report),2024-02-15,https://arxiv.org/abs/2403.05530v1,tech_report,main,AI2D,test,0-shot; Gemini 1.5 Pro (Feb 2024),80.3%,Table 10
Google,Gemini 1.5 Pro (Feb 2024 report),2024-02-15,https://arxiv.org/abs/2403.05530v1,tech_report,main,MathVista,testmini,0-shot; Gemini 1.5 Pro (Feb 2024),52.1%,Table 10
Google,Gemini 1.5 Pro (Feb 2024 report),2024-02-15,https://arxiv.org/abs/2403.05530v1,tech_report,main,ChartQA,test,0-shot; Gemini 1.5 Pro (Feb 2024),81.3%,Table 10
Google,Gemini 1.5 Pro (Feb 2024 report),2024-02-15,https://arxiv.org/abs/2403.05530v1,tech_report,main,VQAv2,test-dev,0-shot; Gemini 1.5 Pro (Feb 2024),73.2%,Table 10
Google,Gemini 1.5 Pro (Feb 2024 report),2024-02-15,https://arxiv.org/abs/2403.05530v1,tech_report,main,TextVQA,val,0-shot; Gemini 1.5 Pro (Feb 2024),73.5%,Table 10
Google,Gemini 1.5 Pro (Feb 2024 report),2024-02-15,https://arxiv.org/abs/2403.05530v1,tech_report,main,DocVQA,test,0-shot; Gemini 1.5 Pro (Feb 2024),86.5%,Table 10
Google,Gemini 1.5 Pro (Feb 2024 report),2024-02-15,https://arxiv.org/abs/2403.05530v1,tech_report,main,InfographicVQA,test,0-shot; Gemini 1.5 Pro (Feb 2024),72.7%,Table 10
Google,Gemini 1.5 Pro (Feb 2024 report),2024-02-15,https://arxiv.org/abs/2403.05530v1,tech_report,main,VATEX,"test, English captioning (CIDEr)",4-shot; Gemini 1.5 Pro (Feb 2024),63.0,Table 10 (video)
Google,Gemini 1.5 Pro (Feb 2024 report),2024-02-15,https://arxiv.org/abs/2403.05530v1,tech_report,main,VATEX ZH,"val, Chinese captioning",4-shot; Gemini 1.5 Pro (Feb 2024),54.9,Table 10 (video)
Google,Gemini 1.5 Pro (Feb 2024 report),2024-02-15,https://arxiv.org/abs/2403.05530v1,tech_report,main,YouCook2,"val, captioning (CIDEr)",4-shot; Gemini 1.5 Pro (Feb 2024),134.2,Table 10 (video)
Google,Gemini 1.5 Pro (Feb 2024 report),2024-02-15,https://arxiv.org/abs/2403.05530v1,tech_report,main,ActivityNet-QA,test,0-shot; Gemini 1.5 Pro (Feb 2024),56.7%,Table 10 (video)
Google,Gemini 1.5 Pro (Feb 2024 report),2024-02-15,https://arxiv.org/abs/2403.05530v1,tech_report,main,EgoSchema,test,0-shot; Gemini 1.5 Pro (Feb 2024),63.2%,Table 10 (video)
Google,Gemini 1.5 Pro (Feb 2024 report),2024-02-15,https://arxiv.org/abs/2403.05530v1,tech_report,main,YouTube ASR,"en-us, WER",Gemini 1.5 Pro (Feb 2024),4.6%,Table 11 (audio)
Google,Gemini 1.5 Pro (Feb 2024 report),2024-02-15,https://arxiv.org/abs/2403.05530v1,tech_report,main,YouTube ASR,"52 lang, WER",Gemini 1.5 Pro (Feb 2024),22.2%,Table 11 (audio)
Google,Gemini 1.5 Pro (Feb 2024 report),2024-02-15,https://arxiv.org/abs/2403.05530v1,tech_report,main,Multilingual LibriSpeech,"en-us, WER",Gemini 1.5 Pro (Feb 2024),4.6%,Table 11 (audio)
Google,Gemini 1.5 Pro (Feb 2024 report),2024-02-15,https://arxiv.org/abs/2403.05530v1,tech_report,main,FLEURS,"55 lang, WER",Gemini 1.5 Pro (Feb 2024),6.6%,Table 11 (audio)
Google,Gemini 1.5 Pro (Feb 2024 report),2024-02-15,https://arxiv.org/abs/2403.05530v1,tech_report,main,CoVoST 2,"20 lang, BLEU",Gemini 1.5 Pro (Feb 2024),40.1,Table 11 (audio)
Google,Gemini 1.5 Pro (Feb 2024 report),2024-02-15,https://arxiv.org/abs/2403.05530v1,tech_report,main,Needle-in-a-haystack (text),up to 1M / 10M tokens,Gemini 1.5 Pro (Feb 2024),100% recall up to 530k; >99.7% up to 1M,Long-context diagnostic (figure)
Google,Gemini 1.5 Pro (Feb 2024 report),2024-02-15,https://arxiv.org/abs/2403.05530v1,tech_report,main,Needle-in-a-haystack (video),up to 10.5 hours,Gemini 1.5 Pro (Feb 2024),100%,Long-context diagnostic (figure)
Google,Gemini 1.5 Pro (Feb 2024 report),2024-02-15,https://arxiv.org/abs/2403.05530v1,tech_report,main,Needle-in-a-haystack (audio),up to 107 hours,Gemini 1.5 Pro (Feb 2024),100%,Long-context diagnostic (figure)
Google,Gemini 1.5 Pro (Feb 2024 report),2024-02-15,https://arxiv.org/abs/2403.05530v1,tech_report,main,MTOB (Machine Translation from One Book) - Kalamang,kgv->eng human eval (BLEURT); eng->kgv (chrF),"Gemini 1.5 Pro (Feb 2024), full book in context",4.36 (65.0) / 5.52 (56.9),Table 2 (long-context realistic)
Google,Gemini 1.5 Pro (Feb 2024 report),2024-02-15,https://arxiv.org/abs/2403.05530v1,tech_report,main,"Long-document QA (Les Misérables, 710k tokens)",AutoAIS / human AIS,"Gemini 1.5 Pro (Feb 2024), full book",91.4 / 80.0,Long-context QA table
Google,Gemini 1.5 Pro (Feb 2024 report),2024-02-15,https://arxiv.org/abs/2403.05530v1,tech_report,main,Long-context ASR (15-minute YouTube videos),WER,Gemini 1.5 Pro (Feb 2024),5.6%,Long-context ASR table
Google,Gemini 1.5 Pro (Feb 2024 report),2024-02-15,https://arxiv.org/abs/2403.05530v1,tech_report,main,1H-VideoQA,125 MCQ over 40-105 min videos,"Gemini 1.5 Pro (Feb 2024), 150 frames",64.8%,Long-video QA table; 16 frames 52.8%
Google,Gemini 1.5 Pro (May 2024) / 1.5 Flash - updated report,2024-05-14,https://arxiv.org/abs/2403.05530v3,tech_report,main,GPQA,,4-shot; Gemini 1.5 Pro (May 2024),46.2%,"Table 11 (core text, arXiv v3); compared with 1.0 Pro, 1.0 Ultra, 1.5 Flash, 1.5 Pro (Feb)"
Google,Gemini 1.5 Pro (May 2024) / 1.5 Flash - updated report,2024-05-14,https://arxiv.org/abs/2403.05530v3,tech_report,main,MATH,Minerva prompt,4-shot; Gemini 1.5 Pro (May 2024),67.7%,"Table 11 (core text, arXiv v3); compared with 1.0 Pro, 1.0 Ultra, 1.5 Flash, 1.5 Pro (Feb)"
Google,Gemini 1.5 Pro (May 2024) / 1.5 Flash - updated report,2024-05-14,https://arxiv.org/abs/2403.05530v3,tech_report,main,PhysicsFinals,internal held-out,0-shot; Gemini 1.5 Pro (May 2024),63.9%,"Table 11 (core text, arXiv v3); compared with 1.0 Pro, 1.0 Ultra, 1.5 Flash, 1.5 Pro (Feb)"
Google,Gemini 1.5 Pro (May 2024) / 1.5 Flash - updated report,2024-05-14,https://arxiv.org/abs/2403.05530v3,tech_report,main,HiddenMath,internal held-out,0-shot; Gemini 1.5 Pro (May 2024),20.1%,"Table 11 (core text, arXiv v3); compared with 1.0 Pro, 1.0 Ultra, 1.5 Flash, 1.5 Pro (Feb)"
Google,Gemini 1.5 Pro (May 2024) / 1.5 Flash - updated report,2024-05-14,https://arxiv.org/abs/2403.05530v3,tech_report,main,Functional MATH,,0-shot; Gemini 1.5 Pro (May 2024),64.6%,"Table 11 (core text, arXiv v3); compared with 1.0 Pro, 1.0 Ultra, 1.5 Flash, 1.5 Pro (Feb)"
Google,Gemini 1.5 Pro (May 2024) / 1.5 Flash - updated report,2024-05-14,https://arxiv.org/abs/2403.05530v3,tech_report,main,AMC 2022-23,,4-shot; Gemini 1.5 Pro (May 2024),46.4%,"Table 11 (core text, arXiv v3); compared with 1.0 Pro, 1.0 Ultra, 1.5 Flash, 1.5 Pro (Feb)"
Google,Gemini 1.5 Pro (May 2024) / 1.5 Flash - updated report,2024-05-14,https://arxiv.org/abs/2403.05530v3,tech_report,main,GSM8K,,11-shot; Gemini 1.5 Pro (May 2024),90.8%,"Table 11 (core text, arXiv v3); compared with 1.0 Pro, 1.0 Ultra, 1.5 Flash, 1.5 Pro (Feb)"
Google,Gemini 1.5 Pro (May 2024) / 1.5 Flash - updated report,2024-05-14,https://arxiv.org/abs/2403.05530v3,tech_report,main,BigBench-Hard,,3-shot; Gemini 1.5 Pro (May 2024),89.2%,"Table 11 (core text, arXiv v3); compared with 1.0 Pro, 1.0 Ultra, 1.5 Flash, 1.5 Pro (Feb)"
Google,Gemini 1.5 Pro (May 2024) / 1.5 Flash - updated report,2024-05-14,https://arxiv.org/abs/2403.05530v3,tech_report,main,DROP,F1,variable shots; Gemini 1.5 Pro (May 2024),74.9,"Table 11 (core text, arXiv v3); compared with 1.0 Pro, 1.0 Ultra, 1.5 Flash, 1.5 Pro (Feb)"
Google,Gemini 1.5 Pro (May 2024) / 1.5 Flash - updated report,2024-05-14,https://arxiv.org/abs/2403.05530v3,tech_report,main,MMLU,,5-shot; Gemini 1.5 Pro (May 2024),85.9%,"Table 11 (core text, arXiv v3); compared with 1.0 Pro, 1.0 Ultra, 1.5 Flash, 1.5 Pro (Feb); maj@32 91.7%"
Google,Gemini 1.5 Pro (May 2024) / 1.5 Flash - updated report,2024-05-14,https://arxiv.org/abs/2403.05530v3,tech_report,main,HellaSwag,,10-shot; Gemini 1.5 Pro (May 2024),93.3%,"Table 11 (core text, arXiv v3); compared with 1.0 Pro, 1.0 Ultra, 1.5 Flash, 1.5 Pro (Feb)"
Google,Gemini 1.5 Pro (May 2024) / 1.5 Flash - updated report,2024-05-14,https://arxiv.org/abs/2403.05530v3,tech_report,main,HumanEval,,"0-shot, chat preamble; Gemini 1.5 Pro (May 2024)",84.1%,"Table 11 (core text, arXiv v3); compared with 1.0 Pro, 1.0 Ultra, 1.5 Flash, 1.5 Pro (Feb)"
Google,Gemini 1.5 Pro (May 2024) / 1.5 Flash - updated report,2024-05-14,https://arxiv.org/abs/2403.05530v3,tech_report,main,Natural2Code,internal held-out,"0-shot, chat preamble; Gemini 1.5 Pro (May 2024)",82.6%,"Table 11 (core text, arXiv v3); compared with 1.0 Pro, 1.0 Ultra, 1.5 Flash, 1.5 Pro (Feb)"
Google,Gemini 1.5 Pro (May 2024) / 1.5 Flash - updated report,2024-05-14,https://arxiv.org/abs/2403.05530v3,tech_report,main,WMT23,BLEURT,1-shot; Gemini 1.5 Pro (May 2024),75.3,"Table 11 (core text, arXiv v3); compared with 1.0 Pro, 1.0 Ultra, 1.5 Flash, 1.5 Pro (Feb)"
Google,Gemini 1.5 Pro (May 2024) / 1.5 Flash - updated report,2024-05-14,https://arxiv.org/abs/2403.05530v3,tech_report,main,MGSM,,8-shot; Gemini 1.5 Pro (May 2024),87.5%,"Table 11 (core text, arXiv v3); compared with 1.0 Pro, 1.0 Ultra, 1.5 Flash, 1.5 Pro (Feb)"
Google,Gemini 1.5 Pro (May 2024) / 1.5 Flash - updated report,2024-05-14,https://arxiv.org/abs/2403.05530v5,tech_report,main,Needle-in-a-haystack (text),up to 10M tokens,Gemini 1.5 Pro (May 2024),>99.7% to 1M; 99.2% to 10M,Fig. 8
Google,Gemini 1.5 Pro (May 2024) / 1.5 Flash - updated report,2024-05-14,https://arxiv.org/abs/2403.05530v5,tech_report,main,Needle-in-a-haystack (video),,Gemini 1.5 Pro (May 2024),100%,Fig. 9
Google,Gemini 1.5 Pro (May 2024) / 1.5 Flash - updated report,2024-05-14,https://arxiv.org/abs/2403.05530v5,tech_report,main,Needle-in-a-haystack (audio),up to 107 hours,Gemini 1.5 Pro (May 2024),100%,Fig. 10
Google,Gemini 1.5 Pro (May 2024) / 1.5 Flash - updated report,2024-05-14,https://arxiv.org/abs/2403.05530v5,tech_report,main,Multiple needles-in-a-haystack,,Gemini 1.5 Pro (May 2024),,Fig. 11 (figure only)
Google,Gemini 1.5 Pro (May 2024) / 1.5 Flash - updated report,2024-05-14,https://arxiv.org/abs/2403.05530v5,tech_report,main,MRCR (Multi-round Co-reference Resolution),up to 1M tokens,Gemini 1.5 Pro (May 2024),,"Fig. 12 (figure only); first appearance of MRCR, later a standard Gemini long-context row"
Google,Gemini 1.5 Pro (May 2024) / 1.5 Flash - updated report,2024-05-14,https://arxiv.org/abs/2403.05530v5,tech_report,main,MTOB (Kalamang),kgv->eng / eng->kgv human eval,Gemini 1.5 Pro (May 2024),4.14 / 5.46,Tables 4-5 (as summarised by fetch)
Google,Gemini 1.5 Pro (May 2024) / 1.5 Flash - updated report,2024-05-14,https://arxiv.org/abs/2403.05530v5,tech_report,main,"ASROB (Automatic Speech Recognition from One Book, Kalamang)",CER,Gemini 1.5 Pro (May 2024),,Table 6
Google,Gemini 1.5 Pro (May 2024) / 1.5 Flash - updated report,2024-05-14,https://arxiv.org/abs/2403.05530v5,tech_report,main,Many-shot ICL low-resource translation (Flores / Gatitos),"Acholi, Abkhaz, Navajo, Bemba, Ewe, Kurdish",Gemini 1.5 Pro (May 2024),,Fig. 13
Google,Gemini 1.5 Pro (May 2024) / 1.5 Flash - updated report,2024-05-14,https://arxiv.org/abs/2403.05530v5,tech_report,main,Long-document QA (Les Misérables),,Gemini 1.5 Pro (May 2024),,Fig. 14
Google,Gemini 1.5 Pro (May 2024) / 1.5 Flash - updated report,2024-05-14,https://arxiv.org/abs/2403.05530v5,tech_report,main,Long-context ASR (15-minute videos),WER,Gemini 1.5 Pro (May 2024),5.5%,Table 8
Google,Gemini 1.5 Pro (May 2024) / 1.5 Flash - updated report,2024-05-14,https://arxiv.org/abs/2403.05530v5,tech_report,main,1H-VideoQA,full video,Gemini 1.5 Pro (May 2024),72.2%,Table 9
Google,Gemini 1.5 Pro (May 2024) / 1.5 Flash - updated report,2024-05-14,https://arxiv.org/abs/2403.05530v5,tech_report,main,In-context planning: BlocksWorld,,Gemini 1.5 Pro (May 2024),,Fig. 16
Google,Gemini 1.5 Pro (May 2024) / 1.5 Flash - updated report,2024-05-14,https://arxiv.org/abs/2403.05530v5,tech_report,main,In-context planning: Logistics,,Gemini 1.5 Pro (May 2024),,Fig. 16
Google,Gemini 1.5 Pro (May 2024) / 1.5 Flash - updated report,2024-05-14,https://arxiv.org/abs/2403.05530v5,tech_report,main,In-context planning: Mini-Grid,,Gemini 1.5 Pro (May 2024),,Fig. 16
Google,Gemini 1.5 Pro (May 2024) / 1.5 Flash - updated report,2024-05-14,https://arxiv.org/abs/2403.05530v5,tech_report,main,In-context planning: Trip Planning,,Gemini 1.5 Pro (May 2024),,Fig. 16
Google,Gemini 1.5 Pro (May 2024) / 1.5 Flash - updated report,2024-05-14,https://arxiv.org/abs/2403.05530v5,tech_report,main,In-context planning: Calendar Scheduling,,Gemini 1.5 Pro (May 2024),,Fig. 16
Google,Gemini 1.5 Pro (May 2024) / 1.5 Flash - updated report,2024-05-14,https://arxiv.org/abs/2403.05530v5,tech_report,main,Unstructured multimodal data analytics,internal,Gemini 1.5 Pro (May 2024),,Fig. 17
Google,Gemini 1.5 Pro (May 2024) / 1.5 Flash - updated report,2024-05-14,https://ritvik19.medium.com/papers-explained-142-gemini-1-5-flash-415e2dc6a989,secondary,main,Berkeley Function Calling Leaderboard,,Gemini 1.5 Pro (May 2024),,"Benchmark named in the updated report sections beyond the reachable text (fetch truncated at Sec. 6.1.5); name taken from secondary summary (ritvik19 Medium ""Papers Explained 142""); score only where stated there"
Google,Gemini 1.5 Pro (May 2024) / 1.5 Flash - updated report,2024-05-14,https://ritvik19.medium.com/papers-explained-142-gemini-1-5-flash-415e2dc6a989,secondary,main,Instruction following (internal long-prompt set),,Gemini 1.5 Pro (May 2024),,"Benchmark named in the updated report sections beyond the reachable text (fetch truncated at Sec. 6.1.5); name taken from secondary summary (ritvik19 Medium ""Papers Explained 142""); score only where stated there"
Google,Gemini 1.5 Pro (May 2024) / 1.5 Flash - updated report,2024-05-14,https://ritvik19.medium.com/papers-explained-142-gemini-1-5-flash-415e2dc6a989,secondary,main,MMMU,,Gemini 1.5 Pro (May 2024),62.2%,"Benchmark named in the updated report sections beyond the reachable text (fetch truncated at Sec. 6.1.5); name taken from secondary summary (ritvik19 Medium ""Papers Explained 142""); score only where stated there"
Google,Gemini 1.5 Pro (May 2024) / 1.5 Flash - updated report,2024-05-14,https://ritvik19.medium.com/papers-explained-142-gemini-1-5-flash-415e2dc6a989,secondary,main,MathVista,,Gemini 1.5 Pro (May 2024),63.9%,"Benchmark named in the updated report sections beyond the reachable text (fetch truncated at Sec. 6.1.5); name taken from secondary summary (ritvik19 Medium ""Papers Explained 142""); score only where stated there"
Google,Gemini 1.5 Pro (May 2024) / 1.5 Flash - updated report,2024-05-14,https://ritvik19.medium.com/papers-explained-142-gemini-1-5-flash-415e2dc6a989,secondary,main,ChemicalDiagramQA,,Gemini 1.5 Pro (May 2024),69.7%,"Benchmark named in the updated report sections beyond the reachable text (fetch truncated at Sec. 6.1.5); name taken from secondary summary (ritvik19 Medium ""Papers Explained 142""); score only where stated there"
Google,Gemini 1.5 Pro (May 2024) / 1.5 Flash - updated report,2024-05-14,https://ritvik19.medium.com/papers-explained-142-gemini-1-5-flash-415e2dc6a989,secondary,main,ChartQA,,Gemini 1.5 Pro (May 2024),,"Benchmark named in the updated report sections beyond the reachable text (fetch truncated at Sec. 6.1.5); name taken from secondary summary (ritvik19 Medium ""Papers Explained 142""); score only where stated there"
Google,Gemini 1.5 Pro (May 2024) / 1.5 Flash - updated report,2024-05-14,https://ritvik19.medium.com/papers-explained-142-gemini-1-5-flash-415e2dc6a989,secondary,main,BetterChartQA,,Gemini 1.5 Pro (May 2024),,"Benchmark named in the updated report sections beyond the reachable text (fetch truncated at Sec. 6.1.5); name taken from secondary summary (ritvik19 Medium ""Papers Explained 142""); score only where stated there"
Google,Gemini 1.5 Pro (May 2024) / 1.5 Flash - updated report,2024-05-14,https://ritvik19.medium.com/papers-explained-142-gemini-1-5-flash-415e2dc6a989,secondary,main,DUDE,,Gemini 1.5 Pro (May 2024),,"Benchmark named in the updated report sections beyond the reachable text (fetch truncated at Sec. 6.1.5); name taken from secondary summary (ritvik19 Medium ""Papers Explained 142""); score only where stated there"
Google,Gemini 1.5 Pro (May 2024) / 1.5 Flash - updated report,2024-05-14,https://ritvik19.medium.com/papers-explained-142-gemini-1-5-flash-415e2dc6a989,secondary,main,TAT-DQA,,Gemini 1.5 Pro (May 2024),,"Benchmark named in the updated report sections beyond the reachable text (fetch truncated at Sec. 6.1.5); name taken from secondary summary (ritvik19 Medium ""Papers Explained 142""); score only where stated there"
Google,Gemini 1.5 Pro (May 2024) / 1.5 Flash - updated report,2024-05-14,https://ritvik19.medium.com/papers-explained-142-gemini-1-5-flash-415e2dc6a989,secondary,main,TextVQA,,Gemini 1.5 Pro (May 2024),,"Benchmark named in the updated report sections beyond the reachable text (fetch truncated at Sec. 6.1.5); name taken from secondary summary (ritvik19 Medium ""Papers Explained 142""); score only where stated there"
Google,Gemini 1.5 Pro (May 2024) / 1.5 Flash - updated report,2024-05-14,https://ritvik19.medium.com/papers-explained-142-gemini-1-5-flash-415e2dc6a989,secondary,main,VQAv2,,Gemini 1.5 Pro (May 2024),,"Benchmark named in the updated report sections beyond the reachable text (fetch truncated at Sec. 6.1.5); name taken from secondary summary (ritvik19 Medium ""Papers Explained 142""); score only where stated there"
Google,Gemini 1.5 Pro (May 2024) / 1.5 Flash - updated report,2024-05-14,https://ritvik19.medium.com/papers-explained-142-gemini-1-5-flash-415e2dc6a989,secondary,main,RealWorldQA,,Gemini 1.5 Pro (May 2024),,"Benchmark named in the updated report sections beyond the reachable text (fetch truncated at Sec. 6.1.5); name taken from secondary summary (ritvik19 Medium ""Papers Explained 142""); score only where stated there"
Google,Gemini 1.5 Pro (May 2024) / 1.5 Flash - updated report,2024-05-14,https://ritvik19.medium.com/papers-explained-142-gemini-1-5-flash-415e2dc6a989,secondary,main,BLINK,,Gemini 1.5 Pro (May 2024),,"Benchmark named in the updated report sections beyond the reachable text (fetch truncated at Sec. 6.1.5); name taken from secondary summary (ritvik19 Medium ""Papers Explained 142""); score only where stated there"
Google,Gemini 1.5 Pro (May 2024) / 1.5 Flash - updated report,2024-05-14,https://ritvik19.medium.com/papers-explained-142-gemini-1-5-flash-415e2dc6a989,secondary,main,V* Bench,,Gemini 1.5 Pro (May 2024),,"Benchmark named in the updated report sections beyond the reachable text (fetch truncated at Sec. 6.1.5); name taken from secondary summary (ritvik19 Medium ""Papers Explained 142""); score only where stated there"
Google,Gemini 1.5 Pro (May 2024) / 1.5 Flash - updated report,2024-05-14,https://ritvik19.medium.com/papers-explained-142-gemini-1-5-flash-415e2dc6a989,secondary,main,EgoSchema,,Gemini 1.5 Pro (May 2024),,"Benchmark named in the updated report sections beyond the reachable text (fetch truncated at Sec. 6.1.5); name taken from secondary summary (ritvik19 Medium ""Papers Explained 142""); score only where stated there"
Google,Gemini 1.5 Pro (May 2024) / 1.5 Flash - updated report,2024-05-14,https://ritvik19.medium.com/papers-explained-142-gemini-1-5-flash-415e2dc6a989,secondary,main,ActivityNet-QA,,Gemini 1.5 Pro (May 2024),,"Benchmark named in the updated report sections beyond the reachable text (fetch truncated at Sec. 6.1.5); name taken from secondary summary (ritvik19 Medium ""Papers Explained 142""); score only where stated there"
Google,Gemini 1.5 Pro (May 2024) / 1.5 Flash - updated report,2024-05-14,https://ritvik19.medium.com/papers-explained-142-gemini-1-5-flash-415e2dc6a989,secondary,main,VATEX,,Gemini 1.5 Pro (May 2024),,"Benchmark named in the updated report sections beyond the reachable text (fetch truncated at Sec. 6.1.5); name taken from secondary summary (ritvik19 Medium ""Papers Explained 142""); score only where stated there"
Google,Gemini 1.5 Pro (May 2024) / 1.5 Flash - updated report,2024-05-14,https://ritvik19.medium.com/papers-explained-142-gemini-1-5-flash-415e2dc6a989,secondary,main,YouCook2,,Gemini 1.5 Pro (May 2024),,"Benchmark named in the updated report sections beyond the reachable text (fetch truncated at Sec. 6.1.5); name taken from secondary summary (ritvik19 Medium ""Papers Explained 142""); score only where stated there"
Google,Gemini 1.5 Pro (May 2024) / 1.5 Flash - updated report,2024-05-14,https://ritvik19.medium.com/papers-explained-142-gemini-1-5-flash-415e2dc6a989,secondary,main,OpenEQA,,Gemini 1.5 Pro (May 2024),,"Benchmark named in the updated report sections beyond the reachable text (fetch truncated at Sec. 6.1.5); name taken from secondary summary (ritvik19 Medium ""Papers Explained 142""); score only where stated there"
Google,Gemini 1.5 Pro (May 2024) / 1.5 Flash - updated report,2024-05-14,https://ritvik19.medium.com/papers-explained-142-gemini-1-5-flash-415e2dc6a989,secondary,main,MATH (math-specialized 1.5 Pro),,Gemini 1.5 Pro (May 2024) math-specialized,80.6% (91.1% with 256 samples),"Benchmark named in the updated report sections beyond the reachable text (fetch truncated at Sec. 6.1.5); name taken from secondary summary (ritvik19 Medium ""Papers Explained 142""); score only where stated there"
Google,Gemini 2.0 Flash Experimental,2024-12-11,https://thesecmaster.com/blog/google-unveils-gemini-2-0-promising-advanced-ai-capabilities-across-multiple-doma,secondary,main,MMLU-Pro,,Gemini 2.0 Flash Experimental,76.4%,Official table is an image in the launch blog/DeepMind page; scores transcribed by secondary source (thesecmaster.com); compared with Gemini 1.5 Flash 002 / 1.5 Pro 002
Google,Gemini 2.0 Flash Experimental,2024-12-11,https://thesecmaster.com/blog/google-unveils-gemini-2-0-promising-advanced-ai-capabilities-across-multiple-doma,secondary,main,Natural2Code,"Python, Java, C++, JS, Go",Gemini 2.0 Flash Experimental,92.9%,Official table is an image in the launch blog/DeepMind page; scores transcribed by secondary source (thesecmaster.com); compared with Gemini 1.5 Flash 002 / 1.5 Pro 002
Google,Gemini 2.0 Flash Experimental,2024-12-11,https://thesecmaster.com/blog/google-unveils-gemini-2-0-promising-advanced-ai-capabilities-across-multiple-doma,secondary,main,Bird-SQL (Dev),,Gemini 2.0 Flash Experimental,56.9%,Official table is an image in the launch blog/DeepMind page; scores transcribed by secondary source (thesecmaster.com); compared with Gemini 1.5 Flash 002 / 1.5 Pro 002
Google,Gemini 2.0 Flash Experimental,2024-12-11,https://thesecmaster.com/blog/google-unveils-gemini-2-0-promising-advanced-ai-capabilities-across-multiple-doma,secondary,main,LiveCodeBench (Code Generation),"Code Generation subset, recent examples",Gemini 2.0 Flash Experimental,35.1%,Official table is an image in the launch blog/DeepMind page; scores transcribed by secondary source (thesecmaster.com); compared with Gemini 1.5 Flash 002 / 1.5 Pro 002
Google,Gemini 2.0 Flash Experimental,2024-12-11,https://thesecmaster.com/blog/google-unveils-gemini-2-0-promising-advanced-ai-capabilities-across-multiple-doma,secondary,main,FACTS Grounding,,Gemini 2.0 Flash Experimental,83.6%,Official table is an image in the launch blog/DeepMind page; scores transcribed by secondary source (thesecmaster.com); compared with Gemini 1.5 Flash 002 / 1.5 Pro 002
Google,Gemini 2.0 Flash Experimental,2024-12-11,https://thesecmaster.com/blog/google-unveils-gemini-2-0-promising-advanced-ai-capabilities-across-multiple-doma,secondary,main,MATH,,Gemini 2.0 Flash Experimental,89.7%,Official table is an image in the launch blog/DeepMind page; scores transcribed by secondary source (thesecmaster.com); compared with Gemini 1.5 Flash 002 / 1.5 Pro 002
Google,Gemini 2.0 Flash Experimental,2024-12-11,https://thesecmaster.com/blog/google-unveils-gemini-2-0-promising-advanced-ai-capabilities-across-multiple-doma,secondary,main,HiddenMath,held-out AIME/AMC-like competition problems,Gemini 2.0 Flash Experimental,63.0%,Official table is an image in the launch blog/DeepMind page; scores transcribed by secondary source (thesecmaster.com); compared with Gemini 1.5 Flash 002 / 1.5 Pro 002
Google,Gemini 2.0 Flash Experimental,2024-12-11,https://thesecmaster.com/blog/google-unveils-gemini-2-0-promising-advanced-ai-capabilities-across-multiple-doma,secondary,main,GPQA (diamond),diamond,Gemini 2.0 Flash Experimental,62.1%,Official table is an image in the launch blog/DeepMind page; scores transcribed by secondary source (thesecmaster.com); compared with Gemini 1.5 Flash 002 / 1.5 Pro 002
Google,Gemini 2.0 Flash Experimental,2024-12-11,https://thesecmaster.com/blog/google-unveils-gemini-2-0-promising-advanced-ai-capabilities-across-multiple-doma,secondary,main,MRCR (1M),1M context,Gemini 2.0 Flash Experimental,69.2%,Official table is an image in the launch blog/DeepMind page; scores transcribed by secondary source (thesecmaster.com); compared with Gemini 1.5 Flash 002 / 1.5 Pro 002
Google,Gemini 2.0 Flash Experimental,2024-12-11,https://thesecmaster.com/blog/google-unveils-gemini-2-0-promising-advanced-ai-capabilities-across-multiple-doma,secondary,main,MMMU,,Gemini 2.0 Flash Experimental,70.7%,Official table is an image in the launch blog/DeepMind page; scores transcribed by secondary source (thesecmaster.com); compared with Gemini 1.5 Flash 002 / 1.5 Pro 002
Google,Gemini 2.0 Flash Experimental,2024-12-11,https://thesecmaster.com/blog/google-unveils-gemini-2-0-promising-advanced-ai-capabilities-across-multiple-doma,secondary,main,Vibe-Eval (Reka),,Gemini 2.0 Flash Experimental,56.3%,Official table is an image in the launch blog/DeepMind page; scores transcribed by secondary source (thesecmaster.com); compared with Gemini 1.5 Flash 002 / 1.5 Pro 002
Google,Gemini 2.0 Flash Experimental,2024-12-11,https://thesecmaster.com/blog/google-unveils-gemini-2-0-promising-advanced-ai-capabilities-across-multiple-doma,secondary,main,CoVoST2 (21 lang),"speech translation, BLEU",Gemini 2.0 Flash Experimental,39.2,Official table is an image in the launch blog/DeepMind page; scores transcribed by secondary source (thesecmaster.com); compared with Gemini 1.5 Flash 002 / 1.5 Pro 002
Google,Gemini 2.0 Flash Experimental,2024-12-11,https://thesecmaster.com/blog/google-unveils-gemini-2-0-promising-advanced-ai-capabilities-across-multiple-doma,secondary,main,EgoSchema (test),test,Gemini 2.0 Flash Experimental,71.5%,Official table is an image in the launch blog/DeepMind page; scores transcribed by secondary source (thesecmaster.com); compared with Gemini 1.5 Flash 002 / 1.5 Pro 002
Google,Gemini 2.0 Flash Experimental,2024-12-11,https://developers.googleblog.com/en/the-next-chapter-of-the-gemini-era-for-developers/,blog,main,SWE-bench Verified,,Gemini 2.0 Flash in agent (Jules) with code execution tools,51.8%,"Mentioned in developer launch post text, not in the table"
Google,Gemini 2.0 Flash Experimental,2024-12-11,https://blog.google/technology/google-deepmind/google-gemini-ai-update-december-2024/,blog,main,WebVoyager,,Project Mariner agent built on Gemini 2.0,83.5%,"Mentioned in launch post text (agent result), not in the table"
Google,Gemini 2.0 Flash GA / 2.0 Flash-Lite / 2.0 Pro Experimental,2025-02-05,https://storage.googleapis.com/deepmind-media/Model-Cards/Gemini-2-0-Flash-Model-Card.pdf,model_card,main,MMLU-Pro,,Gemini 2.0 Flash (GA),77.6%,"Score = Gemini 2.0 Flash (GA) from Gemini 2.0 Flash model card (2025-04-15, text table, same rows as the 2025-02-05 blog image table); 2.0 Pro Experimental scores appear only in the blog image and were not transcribed"
Google,Gemini 2.0 Flash GA / 2.0 Flash-Lite / 2.0 Pro Experimental,2025-02-05,https://storage.googleapis.com/deepmind-media/Model-Cards/Gemini-2-0-Flash-Model-Card.pdf,model_card,main,LiveCodeBench (v5),Python code generation 10/01/2024-02/01/2025,Gemini 2.0 Flash (GA),34.5%,"Score = Gemini 2.0 Flash (GA) from Gemini 2.0 Flash model card (2025-04-15, text table, same rows as the 2025-02-05 blog image table); 2.0 Pro Experimental scores appear only in the blog image and were not transcribed"
Google,Gemini 2.0 Flash GA / 2.0 Flash-Lite / 2.0 Pro Experimental,2025-02-05,https://storage.googleapis.com/deepmind-media/Model-Cards/Gemini-2-0-Flash-Model-Card.pdf,model_card,main,Bird-SQL (Dev),,Gemini 2.0 Flash (GA),58.7%,"Score = Gemini 2.0 Flash (GA) from Gemini 2.0 Flash model card (2025-04-15, text table, same rows as the 2025-02-05 blog image table); 2.0 Pro Experimental scores appear only in the blog image and were not transcribed"
Google,Gemini 2.0 Flash GA / 2.0 Flash-Lite / 2.0 Pro Experimental,2025-02-05,https://storage.googleapis.com/deepmind-media/Model-Cards/Gemini-2-0-Flash-Model-Card.pdf,model_card,main,GPQA (diamond),diamond,Gemini 2.0 Flash (GA),60.1%,"Score = Gemini 2.0 Flash (GA) from Gemini 2.0 Flash model card (2025-04-15, text table, same rows as the 2025-02-05 blog image table); 2.0 Pro Experimental scores appear only in the blog image and were not transcribed"
Google,Gemini 2.0 Flash GA / 2.0 Flash-Lite / 2.0 Pro Experimental,2025-02-05,https://storage.googleapis.com/deepmind-media/Model-Cards/Gemini-2-0-Flash-Model-Card.pdf,model_card,main,SimpleQA,,Gemini 2.0 Flash (GA),29.9%,"Score = Gemini 2.0 Flash (GA) from Gemini 2.0 Flash model card (2025-04-15, text table, same rows as the 2025-02-05 blog image table); 2.0 Pro Experimental scores appear only in the blog image and were not transcribed"
Google,Gemini 2.0 Flash GA / 2.0 Flash-Lite / 2.0 Pro Experimental,2025-02-05,https://storage.googleapis.com/deepmind-media/Model-Cards/Gemini-2-0-Flash-Model-Card.pdf,model_card,main,FACTS Grounding,,Gemini 2.0 Flash (GA),84.6%,"Score = Gemini 2.0 Flash (GA) from Gemini 2.0 Flash model card (2025-04-15, text table, same rows as the 2025-02-05 blog image table); 2.0 Pro Experimental scores appear only in the blog image and were not transcribed"
Google,Gemini 2.0 Flash GA / 2.0 Flash-Lite / 2.0 Pro Experimental,2025-02-05,https://storage.googleapis.com/deepmind-media/Model-Cards/Gemini-2-0-Flash-Model-Card.pdf,model_card,main,Global MMLU (Lite),MMLU translated into 15 languages,Gemini 2.0 Flash (GA),83.4%,"Score = Gemini 2.0 Flash (GA) from Gemini 2.0 Flash model card (2025-04-15, text table, same rows as the 2025-02-05 blog image table); 2.0 Pro Experimental scores appear only in the blog image and were not transcribed"
Google,Gemini 2.0 Flash GA / 2.0 Flash-Lite / 2.0 Pro Experimental,2025-02-05,https://storage.googleapis.com/deepmind-media/Model-Cards/Gemini-2-0-Flash-Model-Card.pdf,model_card,main,MATH,,Gemini 2.0 Flash (GA),90.9%,"Score = Gemini 2.0 Flash (GA) from Gemini 2.0 Flash model card (2025-04-15, text table, same rows as the 2025-02-05 blog image table); 2.0 Pro Experimental scores appear only in the blog image and were not transcribed"
Google,Gemini 2.0 Flash GA / 2.0 Flash-Lite / 2.0 Pro Experimental,2025-02-05,https://storage.googleapis.com/deepmind-media/Model-Cards/Gemini-2-0-Flash-Model-Card.pdf,model_card,main,HiddenMath,,Gemini 2.0 Flash (GA),63.5%,"Score = Gemini 2.0 Flash (GA) from Gemini 2.0 Flash model card (2025-04-15, text table, same rows as the 2025-02-05 blog image table); 2.0 Pro Experimental scores appear only in the blog image and were not transcribed"
Google,Gemini 2.0 Flash GA / 2.0 Flash-Lite / 2.0 Pro Experimental,2025-02-05,https://storage.googleapis.com/deepmind-media/Model-Cards/Gemini-2-0-Flash-Model-Card.pdf,model_card,main,MRCR (1M),1M context,Gemini 2.0 Flash (GA),70.5%,"Score = Gemini 2.0 Flash (GA) from Gemini 2.0 Flash model card (2025-04-15, text table, same rows as the 2025-02-05 blog image table); 2.0 Pro Experimental scores appear only in the blog image and were not transcribed"
Google,Gemini 2.0 Flash GA / 2.0 Flash-Lite / 2.0 Pro Experimental,2025-02-05,https://storage.googleapis.com/deepmind-media/Model-Cards/Gemini-2-0-Flash-Model-Card.pdf,model_card,main,MMMU,,Gemini 2.0 Flash (GA),71.7%,"Score = Gemini 2.0 Flash (GA) from Gemini 2.0 Flash model card (2025-04-15, text table, same rows as the 2025-02-05 blog image table); 2.0 Pro Experimental scores appear only in the blog image and were not transcribed"
Google,Gemini 2.0 Flash GA / 2.0 Flash-Lite / 2.0 Pro Experimental,2025-02-05,https://storage.googleapis.com/deepmind-media/Model-Cards/Gemini-2-0-Flash-Model-Card.pdf,model_card,main,CoVoST2 (21 lang),"speech translation, BLEU",Gemini 2.0 Flash (GA),39.0,"Score = Gemini 2.0 Flash (GA) from Gemini 2.0 Flash model card (2025-04-15, text table, same rows as the 2025-02-05 blog image table); 2.0 Pro Experimental scores appear only in the blog image and were not transcribed"
Google,Gemini 2.0 Flash GA / 2.0 Flash-Lite / 2.0 Pro Experimental,2025-02-05,https://storage.googleapis.com/deepmind-media/Model-Cards/Gemini-2-0-Flash-Model-Card.pdf,model_card,main,EgoSchema (test),test,Gemini 2.0 Flash (GA),71.1%,"Score = Gemini 2.0 Flash (GA) from Gemini 2.0 Flash model card (2025-04-15, text table, same rows as the 2025-02-05 blog image table); 2.0 Pro Experimental scores appear only in the blog image and were not transcribed"
Google,Gemini 2.5 Pro Experimental (03-25),2025-03-25,https://www.rivista.ai/wp-content/uploads/2025/04/gemini-2.5-pro-preview.pdf,model_card,main,Humanity's Last Exam,no tools,Gemini 2.5 Pro Experimental 03-25,18.8%,"Gemini 2.5 Pro Preview model card published 2025-04-16 (copy hosted at rivista.ai; original storage.googleapis.com/model-cards/documents/gemini-2.5-pro-preview.pdf was later overwritten). Same table as the 2025-03-25 blog image table (compared with o3-mini High, GPT-4.5, Claude 3.7 Sonnet, Grok 3 Beta, DeepSeek R1)"
Google,Gemini 2.5 Pro Experimental (03-25),2025-03-25,https://www.rivista.ai/wp-content/uploads/2025/04/gemini-2.5-pro-preview.pdf,model_card,main,GPQA diamond,,single attempt (pass@1); Gemini 2.5 Pro Experimental 03-25,84.0%,"Gemini 2.5 Pro Preview model card published 2025-04-16 (copy hosted at rivista.ai; original storage.googleapis.com/model-cards/documents/gemini-2.5-pro-preview.pdf was later overwritten). Same table as the 2025-03-25 blog image table (compared with o3-mini High, GPT-4.5, Claude 3.7 Sonnet, Grok 3 Beta, DeepSeek R1)"
Google,Gemini 2.5 Pro Experimental (03-25),2025-03-25,https://www.rivista.ai/wp-content/uploads/2025/04/gemini-2.5-pro-preview.pdf,model_card,main,AIME 2025,,single attempt (pass@1); Gemini 2.5 Pro Experimental 03-25,86.7%,"Gemini 2.5 Pro Preview model card published 2025-04-16 (copy hosted at rivista.ai; original storage.googleapis.com/model-cards/documents/gemini-2.5-pro-preview.pdf was later overwritten). Same table as the 2025-03-25 blog image table (compared with o3-mini High, GPT-4.5, Claude 3.7 Sonnet, Grok 3 Beta, DeepSeek R1)"
Google,Gemini 2.5 Pro Experimental (03-25),2025-03-25,https://www.rivista.ai/wp-content/uploads/2025/04/gemini-2.5-pro-preview.pdf,model_card,main,AIME 2024,,single attempt (pass@1); Gemini 2.5 Pro Experimental 03-25,92.0%,"Gemini 2.5 Pro Preview model card published 2025-04-16 (copy hosted at rivista.ai; original storage.googleapis.com/model-cards/documents/gemini-2.5-pro-preview.pdf was later overwritten). Same table as the 2025-03-25 blog image table (compared with o3-mini High, GPT-4.5, Claude 3.7 Sonnet, Grok 3 Beta, DeepSeek R1); AIME 2024 row dropped in the 2025-05 update of this card"
Google,Gemini 2.5 Pro Experimental (03-25),2025-03-25,https://www.rivista.ai/wp-content/uploads/2025/04/gemini-2.5-pro-preview.pdf,model_card,main,LiveCodeBench V5,,single attempt (pass@1); Gemini 2.5 Pro Experimental 03-25,70.4%,"Gemini 2.5 Pro Preview model card published 2025-04-16 (copy hosted at rivista.ai; original storage.googleapis.com/model-cards/documents/gemini-2.5-pro-preview.pdf was later overwritten). Same table as the 2025-03-25 blog image table (compared with o3-mini High, GPT-4.5, Claude 3.7 Sonnet, Grok 3 Beta, DeepSeek R1)"
Google,Gemini 2.5 Pro Experimental (03-25),2025-03-25,https://www.rivista.ai/wp-content/uploads/2025/04/gemini-2.5-pro-preview.pdf,model_card,main,Aider Polyglot,whole / diff,Gemini 2.5 Pro Experimental 03-25,74.0% / 68.6%,"Gemini 2.5 Pro Preview model card published 2025-04-16 (copy hosted at rivista.ai; original storage.googleapis.com/model-cards/documents/gemini-2.5-pro-preview.pdf was later overwritten). Same table as the 2025-03-25 blog image table (compared with o3-mini High, GPT-4.5, Claude 3.7 Sonnet, Grok 3 Beta, DeepSeek R1)"
Google,Gemini 2.5 Pro Experimental (03-25),2025-03-25,https://www.rivista.ai/wp-content/uploads/2025/04/gemini-2.5-pro-preview.pdf,model_card,main,SWE-bench verified,,custom agent setup; Gemini 2.5 Pro Experimental 03-25,63.8%,"Gemini 2.5 Pro Preview model card published 2025-04-16 (copy hosted at rivista.ai; original storage.googleapis.com/model-cards/documents/gemini-2.5-pro-preview.pdf was later overwritten). Same table as the 2025-03-25 blog image table (compared with o3-mini High, GPT-4.5, Claude 3.7 Sonnet, Grok 3 Beta, DeepSeek R1)"
Google,Gemini 2.5 Pro Experimental (03-25),2025-03-25,https://www.rivista.ai/wp-content/uploads/2025/04/gemini-2.5-pro-preview.pdf,model_card,main,SimpleQA,,Gemini 2.5 Pro Experimental 03-25,52.9%,"Gemini 2.5 Pro Preview model card published 2025-04-16 (copy hosted at rivista.ai; original storage.googleapis.com/model-cards/documents/gemini-2.5-pro-preview.pdf was later overwritten). Same table as the 2025-03-25 blog image table (compared with o3-mini High, GPT-4.5, Claude 3.7 Sonnet, Grok 3 Beta, DeepSeek R1)"
Google,Gemini 2.5 Pro Experimental (03-25),2025-03-25,https://www.rivista.ai/wp-content/uploads/2025/04/gemini-2.5-pro-preview.pdf,model_card,main,MMMU,,single attempt (pass@1); Gemini 2.5 Pro Experimental 03-25,81.7%,"Gemini 2.5 Pro Preview model card published 2025-04-16 (copy hosted at rivista.ai; original storage.googleapis.com/model-cards/documents/gemini-2.5-pro-preview.pdf was later overwritten). Same table as the 2025-03-25 blog image table (compared with o3-mini High, GPT-4.5, Claude 3.7 Sonnet, Grok 3 Beta, DeepSeek R1)"
Google,Gemini 2.5 Pro Experimental (03-25),2025-03-25,https://www.rivista.ai/wp-content/uploads/2025/04/gemini-2.5-pro-preview.pdf,model_card,main,Vibe-Eval (Reka),,Gemini 2.5 Pro Experimental 03-25,69.4%,"Gemini 2.5 Pro Preview model card published 2025-04-16 (copy hosted at rivista.ai; original storage.googleapis.com/model-cards/documents/gemini-2.5-pro-preview.pdf was later overwritten). Same table as the 2025-03-25 blog image table (compared with o3-mini High, GPT-4.5, Claude 3.7 Sonnet, Grok 3 Beta, DeepSeek R1)"
Google,Gemini 2.5 Pro Experimental (03-25),2025-03-25,https://www.rivista.ai/wp-content/uploads/2025/04/gemini-2.5-pro-preview.pdf,model_card,main,MRCR,128k (average),Gemini 2.5 Pro Experimental 03-25,94.5%,"Gemini 2.5 Pro Preview model card published 2025-04-16 (copy hosted at rivista.ai; original storage.googleapis.com/model-cards/documents/gemini-2.5-pro-preview.pdf was later overwritten). Same table as the 2025-03-25 blog image table (compared with o3-mini High, GPT-4.5, Claude 3.7 Sonnet, Grok 3 Beta, DeepSeek R1)"
Google,Gemini 2.5 Pro Experimental (03-25),2025-03-25,https://www.rivista.ai/wp-content/uploads/2025/04/gemini-2.5-pro-preview.pdf,model_card,main,MRCR,1M (pointwise),Gemini 2.5 Pro Experimental 03-25,83.1%,"Gemini 2.5 Pro Preview model card published 2025-04-16 (copy hosted at rivista.ai; original storage.googleapis.com/model-cards/documents/gemini-2.5-pro-preview.pdf was later overwritten). Same table as the 2025-03-25 blog image table (compared with o3-mini High, GPT-4.5, Claude 3.7 Sonnet, Grok 3 Beta, DeepSeek R1)"
Google,Gemini 2.5 Pro Experimental (03-25),2025-03-25,https://www.rivista.ai/wp-content/uploads/2025/04/gemini-2.5-pro-preview.pdf,model_card,main,Global MMLU (Lite),,Gemini 2.5 Pro Experimental 03-25,89.8%,"Gemini 2.5 Pro Preview model card published 2025-04-16 (copy hosted at rivista.ai; original storage.googleapis.com/model-cards/documents/gemini-2.5-pro-preview.pdf was later overwritten). Same table as the 2025-03-25 blog image table (compared with o3-mini High, GPT-4.5, Claude 3.7 Sonnet, Grok 3 Beta, DeepSeek R1)"
Google,Gemini 2.5 Pro Experimental (03-25),2025-03-25,https://blog.google/technology/google-deepmind/gemini-model-thinking-updates-march-2025/,blog,main,LMArena,human preference leaderboard,Gemini 2.5 Pro Experimental 03-25,,"Blog text: ""#1 on LMArena by a significant margin"" (no Elo in text)"
Google,Gemini 2.5 Flash Preview (04-17),2025-04-17,https://storage.googleapis.com/model-cards/documents/gemini-2.5-flash-preview.pdf,model_card,main,Humanity's Last Exam,no tools,"Gemini 2.5 Flash Preview 04-17, thinking",12.1%,"Value from the ""Gemini 2.5 Flash Preview (04-17) Thinking"" column of the Gemini 2.5 Flash Preview model card (updated 2025-06-06); the original 2025-04-17 developer-blog table is an image and could not be read (it may have contained additional rows, e.g. AIME 2024/MRCR)"
Google,Gemini 2.5 Flash Preview (04-17),2025-04-17,https://storage.googleapis.com/model-cards/documents/gemini-2.5-flash-preview.pdf,model_card,main,GPQA diamond,,"single attempt (pass@1); Gemini 2.5 Flash Preview 04-17, thinking",78.3%,"Value from the ""Gemini 2.5 Flash Preview (04-17) Thinking"" column of the Gemini 2.5 Flash Preview model card (updated 2025-06-06); the original 2025-04-17 developer-blog table is an image and could not be read (it may have contained additional rows, e.g. AIME 2024/MRCR)"
Google,Gemini 2.5 Flash Preview (04-17),2025-04-17,https://storage.googleapis.com/model-cards/documents/gemini-2.5-flash-preview.pdf,model_card,main,AIME 2025,,"single attempt (pass@1); Gemini 2.5 Flash Preview 04-17, thinking",78.0%,"Value from the ""Gemini 2.5 Flash Preview (04-17) Thinking"" column of the Gemini 2.5 Flash Preview model card (updated 2025-06-06); the original 2025-04-17 developer-blog table is an image and could not be read (it may have contained additional rows, e.g. AIME 2024/MRCR)"
Google,Gemini 2.5 Flash Preview (04-17),2025-04-17,https://storage.googleapis.com/model-cards/documents/gemini-2.5-flash-preview.pdf,model_card,main,LiveCodeBench v5,,"single attempt (pass@1); Gemini 2.5 Flash Preview 04-17, thinking",63.5%,"Value from the ""Gemini 2.5 Flash Preview (04-17) Thinking"" column of the Gemini 2.5 Flash Preview model card (updated 2025-06-06); the original 2025-04-17 developer-blog table is an image and could not be read (it may have contained additional rows, e.g. AIME 2024/MRCR)"
Google,Gemini 2.5 Flash Preview (04-17),2025-04-17,https://storage.googleapis.com/model-cards/documents/gemini-2.5-flash-preview.pdf,model_card,main,Aider Polyglot,whole / diff,"Gemini 2.5 Flash Preview 04-17, thinking",51.1% / 44.2%,"Value from the ""Gemini 2.5 Flash Preview (04-17) Thinking"" column of the Gemini 2.5 Flash Preview model card (updated 2025-06-06); the original 2025-04-17 developer-blog table is an image and could not be read (it may have contained additional rows, e.g. AIME 2024/MRCR)"
Google,Gemini 2.5 Flash Preview (04-17),2025-04-17,https://storage.googleapis.com/model-cards/documents/gemini-2.5-flash-preview.pdf,model_card,main,SimpleQA,,"Gemini 2.5 Flash Preview 04-17, thinking",29.7%,"Value from the ""Gemini 2.5 Flash Preview (04-17) Thinking"" column of the Gemini 2.5 Flash Preview model card (updated 2025-06-06); the original 2025-04-17 developer-blog table is an image and could not be read (it may have contained additional rows, e.g. AIME 2024/MRCR)"
Google,Gemini 2.5 Flash Preview (04-17),2025-04-17,https://storage.googleapis.com/model-cards/documents/gemini-2.5-flash-preview.pdf,model_card,main,MMMU,,"single attempt (pass@1); Gemini 2.5 Flash Preview 04-17, thinking",76.7%,"Value from the ""Gemini 2.5 Flash Preview (04-17) Thinking"" column of the Gemini 2.5 Flash Preview model card (updated 2025-06-06); the original 2025-04-17 developer-blog table is an image and could not be read (it may have contained additional rows, e.g. AIME 2024/MRCR)"
Google,Gemini 2.5 Flash Preview (04-17),2025-04-17,https://storage.googleapis.com/model-cards/documents/gemini-2.5-flash-preview.pdf,model_card,main,Vibe-Eval (Reka),,"Gemini 2.5 Flash Preview 04-17, thinking",62.0%,"Value from the ""Gemini 2.5 Flash Preview (04-17) Thinking"" column of the Gemini 2.5 Flash Preview model card (updated 2025-06-06); the original 2025-04-17 developer-blog table is an image and could not be read (it may have contained additional rows, e.g. AIME 2024/MRCR)"
Google,Gemini 2.5 Flash Preview (04-17),2025-04-17,https://storage.googleapis.com/model-cards/documents/gemini-2.5-flash-preview.pdf,model_card,main,Global MMLU (Lite),,"Gemini 2.5 Flash Preview 04-17, thinking",88.4%,"Value from the ""Gemini 2.5 Flash Preview (04-17) Thinking"" column of the Gemini 2.5 Flash Preview model card (updated 2025-06-06); the original 2025-04-17 developer-blog table is an image and could not be read (it may have contained additional rows, e.g. AIME 2024/MRCR)"
Google,Gemini 2.5 Flash Preview (04-17),2025-04-17,https://developers.googleblog.com/en/start-building-with-gemini-25-flash/,blog,main,LMArena,Hard Prompts,"Gemini 2.5 Flash Preview 04-17, thinking",,"Blog text: performs strongly on Hard Prompts in LMArena, second only to 2.5 Pro"
Google,"Gemini 2.5 Pro Preview (05-06, I/O edition) + I/O 2025 Deep Think announcement",2025-05-06,https://storage.googleapis.com/model-cards/documents/gemini-2.5-pro-preview.pdf,model_card,main,Humanity's Last Exam,no tools,Gemini 2.5 Pro Preview 05-06,17.8%,"Gemini 2.5 Pro Preview model card (updated 2025-05-09), column Gemini 2.5 Pro (05-06); compared with o3, GPT-4.1, Claude 3.7 Sonnet, Grok 3 Beta, DeepSeek R1"
Google,"Gemini 2.5 Pro Preview (05-06, I/O edition) + I/O 2025 Deep Think announcement",2025-05-06,https://storage.googleapis.com/model-cards/documents/gemini-2.5-pro-preview.pdf,model_card,main,GPQA diamond,,single attempt; Gemini 2.5 Pro Preview 05-06,83.0%,"Gemini 2.5 Pro Preview model card (updated 2025-05-09), column Gemini 2.5 Pro (05-06); compared with o3, GPT-4.1, Claude 3.7 Sonnet, Grok 3 Beta, DeepSeek R1"
Google,"Gemini 2.5 Pro Preview (05-06, I/O edition) + I/O 2025 Deep Think announcement",2025-05-06,https://storage.googleapis.com/model-cards/documents/gemini-2.5-pro-preview.pdf,model_card,main,AIME 2025,,single attempt; Gemini 2.5 Pro Preview 05-06,83.0%,"Gemini 2.5 Pro Preview model card (updated 2025-05-09), column Gemini 2.5 Pro (05-06); compared with o3, GPT-4.1, Claude 3.7 Sonnet, Grok 3 Beta, DeepSeek R1"
Google,"Gemini 2.5 Pro Preview (05-06, I/O edition) + I/O 2025 Deep Think announcement",2025-05-06,https://storage.googleapis.com/model-cards/documents/gemini-2.5-pro-preview.pdf,model_card,main,LiveCodeBench V5,,single attempt; Gemini 2.5 Pro Preview 05-06,75.6%,"Gemini 2.5 Pro Preview model card (updated 2025-05-09), column Gemini 2.5 Pro (05-06); compared with o3, GPT-4.1, Claude 3.7 Sonnet, Grok 3 Beta, DeepSeek R1"
Google,"Gemini 2.5 Pro Preview (05-06, I/O edition) + I/O 2025 Deep Think announcement",2025-05-06,https://storage.googleapis.com/model-cards/documents/gemini-2.5-pro-preview.pdf,model_card,main,Aider Polyglot,whole / diff,Gemini 2.5 Pro Preview 05-06,76.5% / 72.7%,"Gemini 2.5 Pro Preview model card (updated 2025-05-09), column Gemini 2.5 Pro (05-06); compared with o3, GPT-4.1, Claude 3.7 Sonnet, Grok 3 Beta, DeepSeek R1"
Google,"Gemini 2.5 Pro Preview (05-06, I/O edition) + I/O 2025 Deep Think announcement",2025-05-06,https://storage.googleapis.com/model-cards/documents/gemini-2.5-pro-preview.pdf,model_card,main,SWE-bench verified,,Gemini 2.5 Pro Preview 05-06,63.2%,"Gemini 2.5 Pro Preview model card (updated 2025-05-09), column Gemini 2.5 Pro (05-06); compared with o3, GPT-4.1, Claude 3.7 Sonnet, Grok 3 Beta, DeepSeek R1"
Google,"Gemini 2.5 Pro Preview (05-06, I/O edition) + I/O 2025 Deep Think announcement",2025-05-06,https://storage.googleapis.com/model-cards/documents/gemini-2.5-pro-preview.pdf,model_card,main,SimpleQA,,Gemini 2.5 Pro Preview 05-06,50.8%,"Gemini 2.5 Pro Preview model card (updated 2025-05-09), column Gemini 2.5 Pro (05-06); compared with o3, GPT-4.1, Claude 3.7 Sonnet, Grok 3 Beta, DeepSeek R1"
Google,"Gemini 2.5 Pro Preview (05-06, I/O edition) + I/O 2025 Deep Think announcement",2025-05-06,https://storage.googleapis.com/model-cards/documents/gemini-2.5-pro-preview.pdf,model_card,main,MMMU,,single attempt; Gemini 2.5 Pro Preview 05-06,79.6%,"Gemini 2.5 Pro Preview model card (updated 2025-05-09), column Gemini 2.5 Pro (05-06); compared with o3, GPT-4.1, Claude 3.7 Sonnet, Grok 3 Beta, DeepSeek R1"
Google,"Gemini 2.5 Pro Preview (05-06, I/O edition) + I/O 2025 Deep Think announcement",2025-05-06,https://storage.googleapis.com/model-cards/documents/gemini-2.5-pro-preview.pdf,model_card,main,Vibe-Eval (Reka),,Gemini 2.5 Pro Preview 05-06,65.6%,"Gemini 2.5 Pro Preview model card (updated 2025-05-09), column Gemini 2.5 Pro (05-06); compared with o3, GPT-4.1, Claude 3.7 Sonnet, Grok 3 Beta, DeepSeek R1"
Google,"Gemini 2.5 Pro Preview (05-06, I/O edition) + I/O 2025 Deep Think announcement",2025-05-06,https://storage.googleapis.com/model-cards/documents/gemini-2.5-pro-preview.pdf,model_card,main,Video-MME,Overall,Gemini 2.5 Pro Preview 05-06,84.8%,"Gemini 2.5 Pro Preview model card (updated 2025-05-09), column Gemini 2.5 Pro (05-06); compared with o3, GPT-4.1, Claude 3.7 Sonnet, Grok 3 Beta, DeepSeek R1; new row vs 03-25 card (blog: state-of-the-art 84.8% on VideoMME)"
Google,"Gemini 2.5 Pro Preview (05-06, I/O edition) + I/O 2025 Deep Think announcement",2025-05-06,https://storage.googleapis.com/model-cards/documents/gemini-2.5-pro-preview.pdf,model_card,main,MRCR,128k (average),Gemini 2.5 Pro Preview 05-06,93.0%,"Gemini 2.5 Pro Preview model card (updated 2025-05-09), column Gemini 2.5 Pro (05-06); compared with o3, GPT-4.1, Claude 3.7 Sonnet, Grok 3 Beta, DeepSeek R1"
Google,"Gemini 2.5 Pro Preview (05-06, I/O edition) + I/O 2025 Deep Think announcement",2025-05-06,https://storage.googleapis.com/model-cards/documents/gemini-2.5-pro-preview.pdf,model_card,main,MRCR,1M (pointwise),Gemini 2.5 Pro Preview 05-06,82.9%,"Gemini 2.5 Pro Preview model card (updated 2025-05-09), column Gemini 2.5 Pro (05-06); compared with o3, GPT-4.1, Claude 3.7 Sonnet, Grok 3 Beta, DeepSeek R1"
Google,"Gemini 2.5 Pro Preview (05-06, I/O edition) + I/O 2025 Deep Think announcement",2025-05-06,https://storage.googleapis.com/model-cards/documents/gemini-2.5-pro-preview.pdf,model_card,main,Global MMLU (Lite),,Gemini 2.5 Pro Preview 05-06,88.6%,"Gemini 2.5 Pro Preview model card (updated 2025-05-09), column Gemini 2.5 Pro (05-06); compared with o3, GPT-4.1, Claude 3.7 Sonnet, Grok 3 Beta, DeepSeek R1"
Google,"Gemini 2.5 Pro Preview (05-06, I/O edition) + I/O 2025 Deep Think announcement",2025-05-06,https://blog.google/products/gemini/gemini-2-5-pro-updates/,blog,main,WebDev Arena,leaderboard (Elo),Gemini 2.5 Pro Preview 05-06,+147 Elo vs previous version,Blog text 2025-05-06; I/O blog 2025-05-20 reports Elo 1415
Google,"Gemini 2.5 Pro Preview (05-06, I/O edition) + I/O 2025 Deep Think announcement",2025-05-06,https://blog.google/technology/google-deepmind/google-gemini-updates-io-2025/,blog,main,LMArena,all leaderboards,Gemini 2.5 Pro (I/O 2025),,"I/O 2025 blog: ""leading across all leaderboards of the LMArena"" (no number)"
Google,"Gemini 2.5 Pro Preview (05-06, I/O edition) + I/O 2025 Deep Think announcement",2025-05-06,https://blog.google/technology/google-deepmind/google-gemini-updates-io-2025/,blog,main,USAMO 2025,,Gemini 2.5 Pro Deep Think (announced at I/O 2025-05-20),,"Blog text: ""impressive score on 2025 USAMO"" (number only in chart image)"
Google,"Gemini 2.5 Pro Preview (05-06, I/O edition) + I/O 2025 Deep Think announcement",2025-05-06,https://blog.google/technology/google-deepmind/google-gemini-updates-io-2025/,blog,main,LiveCodeBench,,Gemini 2.5 Pro Deep Think (I/O 2025),,"Blog text: ""leads on LiveCodeBench"" (number only in chart image)"
Google,"Gemini 2.5 Pro Preview (05-06, I/O edition) + I/O 2025 Deep Think announcement",2025-05-06,https://blog.google/technology/google-deepmind/google-gemini-updates-io-2025/,blog,main,MMMU,,Gemini 2.5 Pro Deep Think (I/O 2025),84.0%,Blog text
Google,Gemini 2.5 Pro (06-05 preview / GA),2025-06-05,https://storage.googleapis.com/deepmind-media/Model-Cards/Gemini-2-5-Pro-Model-Card.pdf,model_card,main,Humanity's Last Exam,no tools,Gemini 2.5 Pro (06-05 / GA),21.6%,"Gemini 2.5 Pro model card (updated 2025-06-27), column Gemini 2.5 Pro (GA) (= 06-05 preview); compared with o3 High, o4-mini High, Claude 4 Sonnet, Claude 4 Opus, Grok 3 Beta, DeepSeek R1 05-28"
Google,Gemini 2.5 Pro (06-05 preview / GA),2025-06-05,https://storage.googleapis.com/deepmind-media/Model-Cards/Gemini-2-5-Pro-Model-Card.pdf,model_card,main,GPQA diamond,,single attempt; Gemini 2.5 Pro (06-05 / GA),86.4%,"Gemini 2.5 Pro model card (updated 2025-06-27), column Gemini 2.5 Pro (GA) (= 06-05 preview); compared with o3 High, o4-mini High, Claude 4 Sonnet, Claude 4 Opus, Grok 3 Beta, DeepSeek R1 05-28"
Google,Gemini 2.5 Pro (06-05 preview / GA),2025-06-05,https://storage.googleapis.com/deepmind-media/Model-Cards/Gemini-2-5-Pro-Model-Card.pdf,model_card,main,AIME 2025,,single attempt; Gemini 2.5 Pro (06-05 / GA),88.0%,"Gemini 2.5 Pro model card (updated 2025-06-27), column Gemini 2.5 Pro (GA) (= 06-05 preview); compared with o3 High, o4-mini High, Claude 4 Sonnet, Claude 4 Opus, Grok 3 Beta, DeepSeek R1 05-28"
Google,Gemini 2.5 Pro (06-05 preview / GA),2025-06-05,https://storage.googleapis.com/deepmind-media/Model-Cards/Gemini-2-5-Pro-Model-Card.pdf,model_card,main,LiveCodeBench,UI: 1/1/2025-5/1/2025,single attempt; Gemini 2.5 Pro (06-05 / GA),69.0%,"Gemini 2.5 Pro model card (updated 2025-06-27), column Gemini 2.5 Pro (GA) (= 06-05 preview); compared with o3 High, o4-mini High, Claude 4 Sonnet, Claude 4 Opus, Grok 3 Beta, DeepSeek R1 05-28; earlier 10/1/2024-2/1/2025 window shown only for older versions"
Google,Gemini 2.5 Pro (06-05 preview / GA),2025-06-05,https://storage.googleapis.com/deepmind-media/Model-Cards/Gemini-2-5-Pro-Model-Card.pdf,model_card,main,Aider Polyglot,diff-fenced,Gemini 2.5 Pro (06-05 / GA),82.2%,"Gemini 2.5 Pro model card (updated 2025-06-27), column Gemini 2.5 Pro (GA) (= 06-05 preview); compared with o3 High, o4-mini High, Claude 4 Sonnet, Claude 4 Opus, Grok 3 Beta, DeepSeek R1 05-28"
Google,Gemini 2.5 Pro (06-05 preview / GA),2025-06-05,https://storage.googleapis.com/deepmind-media/Model-Cards/Gemini-2-5-Pro-Model-Card.pdf,model_card,main,SWE-bench verified,,single attempt; Gemini 2.5 Pro (06-05 / GA),59.6%,"Gemini 2.5 Pro model card (updated 2025-06-27), column Gemini 2.5 Pro (GA) (= 06-05 preview); compared with o3 High, o4-mini High, Claude 4 Sonnet, Claude 4 Opus, Grok 3 Beta, DeepSeek R1 05-28"
Google,Gemini 2.5 Pro (06-05 preview / GA),2025-06-05,https://storage.googleapis.com/deepmind-media/Model-Cards/Gemini-2-5-Pro-Model-Card.pdf,model_card,main,SWE-bench verified,,multiple attempts; Gemini 2.5 Pro (06-05 / GA),67.2%,"Gemini 2.5 Pro model card (updated 2025-06-27), column Gemini 2.5 Pro (GA) (= 06-05 preview); compared with o3 High, o4-mini High, Claude 4 Sonnet, Claude 4 Opus, Grok 3 Beta, DeepSeek R1 05-28"
Google,Gemini 2.5 Pro (06-05 preview / GA),2025-06-05,https://storage.googleapis.com/deepmind-media/Model-Cards/Gemini-2-5-Pro-Model-Card.pdf,model_card,main,SimpleQA,,Gemini 2.5 Pro (06-05 / GA),54.0%,"Gemini 2.5 Pro model card (updated 2025-06-27), column Gemini 2.5 Pro (GA) (= 06-05 preview); compared with o3 High, o4-mini High, Claude 4 Sonnet, Claude 4 Opus, Grok 3 Beta, DeepSeek R1 05-28"
Google,Gemini 2.5 Pro (06-05 preview / GA),2025-06-05,https://storage.googleapis.com/deepmind-media/Model-Cards/Gemini-2-5-Pro-Model-Card.pdf,model_card,main,FACTS Grounding,,Gemini 2.5 Pro (06-05 / GA),87.8%,"Gemini 2.5 Pro model card (updated 2025-06-27), column Gemini 2.5 Pro (GA) (= 06-05 preview); compared with o3 High, o4-mini High, Claude 4 Sonnet, Claude 4 Opus, Grok 3 Beta, DeepSeek R1 05-28"
Google,Gemini 2.5 Pro (06-05 preview / GA),2025-06-05,https://storage.googleapis.com/deepmind-media/Model-Cards/Gemini-2-5-Pro-Model-Card.pdf,model_card,main,MMMU,,single attempt; Gemini 2.5 Pro (06-05 / GA),82.0%,"Gemini 2.5 Pro model card (updated 2025-06-27), column Gemini 2.5 Pro (GA) (= 06-05 preview); compared with o3 High, o4-mini High, Claude 4 Sonnet, Claude 4 Opus, Grok 3 Beta, DeepSeek R1 05-28"
Google,Gemini 2.5 Pro (06-05 preview / GA),2025-06-05,https://storage.googleapis.com/deepmind-media/Model-Cards/Gemini-2-5-Pro-Model-Card.pdf,model_card,main,Vibe-Eval (Reka),,Gemini 2.5 Pro (06-05 / GA),67.2%,"Gemini 2.5 Pro model card (updated 2025-06-27), column Gemini 2.5 Pro (GA) (= 06-05 preview); compared with o3 High, o4-mini High, Claude 4 Sonnet, Claude 4 Opus, Grok 3 Beta, DeepSeek R1 05-28"
Google,Gemini 2.5 Pro (06-05 preview / GA),2025-06-05,https://storage.googleapis.com/deepmind-media/Model-Cards/Gemini-2-5-Pro-Model-Card.pdf,model_card,main,VideoMME,"audio, visual, subtitles",Gemini 2.5 Pro (06-05 / GA),86.9%,"Gemini 2.5 Pro model card (updated 2025-06-27), column Gemini 2.5 Pro (GA) (= 06-05 preview); compared with o3 High, o4-mini High, Claude 4 Sonnet, Claude 4 Opus, Grok 3 Beta, DeepSeek R1 05-28"
Google,Gemini 2.5 Pro (06-05 preview / GA),2025-06-05,https://storage.googleapis.com/deepmind-media/Model-Cards/Gemini-2-5-Pro-Model-Card.pdf,model_card,main,VideoMMMU,,Gemini 2.5 Pro (06-05 / GA),83.6%,"Gemini 2.5 Pro model card (updated 2025-06-27), column Gemini 2.5 Pro (GA) (= 06-05 preview); compared with o3 High, o4-mini High, Claude 4 Sonnet, Claude 4 Opus, Grok 3 Beta, DeepSeek R1 05-28"
Google,Gemini 2.5 Pro (06-05 preview / GA),2025-06-05,https://storage.googleapis.com/deepmind-media/Model-Cards/Gemini-2-5-Pro-Model-Card.pdf,model_card,main,MRCR v2 (8-needle),128k (average),Gemini 2.5 Pro (06-05 / GA),58.0%,"Gemini 2.5 Pro model card (updated 2025-06-27), column Gemini 2.5 Pro (GA) (= 06-05 preview); compared with o3 High, o4-mini High, Claude 4 Sonnet, Claude 4 Opus, Grok 3 Beta, DeepSeek R1 05-28; replaces MRCR (v1) rows"
Google,Gemini 2.5 Pro (06-05 preview / GA),2025-06-05,https://storage.googleapis.com/deepmind-media/Model-Cards/Gemini-2-5-Pro-Model-Card.pdf,model_card,main,MRCR v2 (8-needle),1M (pointwise),Gemini 2.5 Pro (06-05 / GA),16.4%,"Gemini 2.5 Pro model card (updated 2025-06-27), column Gemini 2.5 Pro (GA) (= 06-05 preview); compared with o3 High, o4-mini High, Claude 4 Sonnet, Claude 4 Opus, Grok 3 Beta, DeepSeek R1 05-28"
Google,Gemini 2.5 Pro (06-05 preview / GA),2025-06-05,https://storage.googleapis.com/deepmind-media/Model-Cards/Gemini-2-5-Pro-Model-Card.pdf,model_card,main,Global MMLU (Lite),,Gemini 2.5 Pro (06-05 / GA),89.2%,"Gemini 2.5 Pro model card (updated 2025-06-27), column Gemini 2.5 Pro (GA) (= 06-05 preview); compared with o3 High, o4-mini High, Claude 4 Sonnet, Claude 4 Opus, Grok 3 Beta, DeepSeek R1 05-28"
Google,Gemini 2.5 Pro (06-05 preview / GA),2025-06-05,https://blog.google/products/gemini/gemini-2-5-pro-latest-preview/,blog,main,LMArena,text leaderboard Elo,Gemini 2.5 Pro (06-05 / GA),1470,Blog text 2025-06-05 (24-point Elo jump)
Google,Gemini 2.5 Pro (06-05 preview / GA),2025-06-05,https://blog.google/products/gemini/gemini-2-5-pro-latest-preview/,blog,main,WebDev Arena,Elo,Gemini 2.5 Pro (06-05 / GA),1443,Blog text 2025-06-05 (35-point Elo jump)
Google,Gemini 2.5 technical report (2.5 Pro / 2.5 Flash),2025-06-17,https://storage.googleapis.com/deepmind-media/gemini/gemini_v2_5_report.pdf,tech_report,main,LiveCodeBench,,Gemini 2.5 Pro,74.2%,Table 3 (Gemini family comparison); score = Gemini 2.5 Pro
Google,Gemini 2.5 technical report (2.5 Pro / 2.5 Flash),2025-06-17,https://storage.googleapis.com/deepmind-media/gemini/gemini_v2_5_report.pdf,tech_report,main,Aider Polyglot,,Gemini 2.5 Pro,82.2%,Table 3 (Gemini family comparison); score = Gemini 2.5 Pro
Google,Gemini 2.5 technical report (2.5 Pro / 2.5 Flash),2025-06-17,https://storage.googleapis.com/deepmind-media/gemini/gemini_v2_5_report.pdf,tech_report,main,SWE-bench Verified,single attempt,Gemini 2.5 Pro,59.6%,Table 3 (Gemini family comparison); score = Gemini 2.5 Pro
Google,Gemini 2.5 technical report (2.5 Pro / 2.5 Flash),2025-06-17,https://storage.googleapis.com/deepmind-media/gemini/gemini_v2_5_report.pdf,tech_report,main,SWE-bench Verified,multiple attempts,Gemini 2.5 Pro,67.2%,Table 3 (Gemini family comparison); score = Gemini 2.5 Pro
Google,Gemini 2.5 technical report (2.5 Pro / 2.5 Flash),2025-06-17,https://storage.googleapis.com/deepmind-media/gemini/gemini_v2_5_report.pdf,tech_report,main,GPQA (diamond),,Gemini 2.5 Pro,86.4%,Table 3 (Gemini family comparison); score = Gemini 2.5 Pro
Google,Gemini 2.5 technical report (2.5 Pro / 2.5 Flash),2025-06-17,https://storage.googleapis.com/deepmind-media/gemini/gemini_v2_5_report.pdf,tech_report,main,Humanity's Last Exam,no tools,Gemini 2.5 Pro,21.6%,Table 3 (Gemini family comparison); score = Gemini 2.5 Pro; Gemini 2.0 results are on an earlier HLE dataset
Google,Gemini 2.5 technical report (2.5 Pro / 2.5 Flash),2025-06-17,https://storage.googleapis.com/deepmind-media/gemini/gemini_v2_5_report.pdf,tech_report,main,SimpleQA,,Gemini 2.5 Pro,54.0%,Table 3 (Gemini family comparison); score = Gemini 2.5 Pro
Google,Gemini 2.5 technical report (2.5 Pro / 2.5 Flash),2025-06-17,https://storage.googleapis.com/deepmind-media/gemini/gemini_v2_5_report.pdf,tech_report,main,FACTS Grounding,,Gemini 2.5 Pro,87.8%,Table 3 (Gemini family comparison); score = Gemini 2.5 Pro
Google,Gemini 2.5 technical report (2.5 Pro / 2.5 Flash),2025-06-17,https://storage.googleapis.com/deepmind-media/gemini/gemini_v2_5_report.pdf,tech_report,main,Global MMLU (Lite),,Gemini 2.5 Pro,89.2%,Table 3 (Gemini family comparison); score = Gemini 2.5 Pro
Google,Gemini 2.5 technical report (2.5 Pro / 2.5 Flash),2025-06-17,https://storage.googleapis.com/deepmind-media/gemini/gemini_v2_5_report.pdf,tech_report,main,ECLeKTic,,Gemini 2.5 Pro,46.8%,Table 3 (Gemini family comparison); score = Gemini 2.5 Pro
Google,Gemini 2.5 technical report (2.5 Pro / 2.5 Flash),2025-06-17,https://storage.googleapis.com/deepmind-media/gemini/gemini_v2_5_report.pdf,tech_report,main,AIME 2025,,Gemini 2.5 Pro,88.0%,Table 3 (Gemini family comparison); score = Gemini 2.5 Pro
Google,Gemini 2.5 technical report (2.5 Pro / 2.5 Flash),2025-06-17,https://storage.googleapis.com/deepmind-media/gemini/gemini_v2_5_report.pdf,tech_report,main,HiddenMath-Hard,internal held-out,Gemini 2.5 Pro,80.5%,Table 3 (Gemini family comparison); score = Gemini 2.5 Pro
Google,Gemini 2.5 technical report (2.5 Pro / 2.5 Flash),2025-06-17,https://storage.googleapis.com/deepmind-media/gemini/gemini_v2_5_report.pdf,tech_report,main,LOFT,"hard, <=128K",Gemini 2.5 Pro,87.0%,Table 3 (Gemini family comparison); score = Gemini 2.5 Pro
Google,Gemini 2.5 technical report (2.5 Pro / 2.5 Flash),2025-06-17,https://storage.googleapis.com/deepmind-media/gemini/gemini_v2_5_report.pdf,tech_report,main,LOFT,"hard, 1M",Gemini 2.5 Pro,69.8%,Table 3 (Gemini family comparison); score = Gemini 2.5 Pro
Google,Gemini 2.5 technical report (2.5 Pro / 2.5 Flash),2025-06-17,https://storage.googleapis.com/deepmind-media/gemini/gemini_v2_5_report.pdf,tech_report,main,MRCR-V2,"8-needle, <=128K",Gemini 2.5 Pro,58.0%,Table 3 (Gemini family comparison); score = Gemini 2.5 Pro
Google,Gemini 2.5 technical report (2.5 Pro / 2.5 Flash),2025-06-17,https://storage.googleapis.com/deepmind-media/gemini/gemini_v2_5_report.pdf,tech_report,main,MRCR-V2,"8-needle, 1M",Gemini 2.5 Pro,16.4%,Table 3 (Gemini family comparison); score = Gemini 2.5 Pro
Google,Gemini 2.5 technical report (2.5 Pro / 2.5 Flash),2025-06-17,https://storage.googleapis.com/deepmind-media/gemini/gemini_v2_5_report.pdf,tech_report,main,MMMU,,Gemini 2.5 Pro,82.0%,Table 3 (Gemini family comparison); score = Gemini 2.5 Pro
Google,Gemini 2.5 technical report (2.5 Pro / 2.5 Flash),2025-06-17,https://storage.googleapis.com/deepmind-media/gemini/gemini_v2_5_report.pdf,tech_report,main,Vibe-Eval (Reka),,Gemini 2.5 Pro,67.2%,Table 3 (Gemini family comparison); score = Gemini 2.5 Pro
Google,Gemini 2.5 technical report (2.5 Pro / 2.5 Flash),2025-06-17,https://storage.googleapis.com/deepmind-media/gemini/gemini_v2_5_report.pdf,tech_report,main,ZeroBench,,Gemini 2.5 Pro,4.5%,Table 3 (Gemini family comparison); score = Gemini 2.5 Pro
Google,Gemini 2.5 technical report (2.5 Pro / 2.5 Flash),2025-06-17,https://storage.googleapis.com/deepmind-media/gemini/gemini_v2_5_report.pdf,tech_report,main,BetterChartQA,,Gemini 2.5 Pro,72.4%,Table 3 (Gemini family comparison); score = Gemini 2.5 Pro
Google,Gemini 2.5 technical report (2.5 Pro / 2.5 Flash),2025-06-17,https://storage.googleapis.com/deepmind-media/gemini/gemini_v2_5_report.pdf,tech_report,main,FLEURS,"53 lang, WER (lower better)",Gemini 2.5 Pro,6.66,Table 5 (audio)
Google,Gemini 2.5 technical report (2.5 Pro / 2.5 Flash),2025-06-17,https://storage.googleapis.com/deepmind-media/gemini/gemini_v2_5_report.pdf,tech_report,main,CoVoST2,"21 lang, BLEU",Gemini 2.5 Pro,38.48,Table 5 (audio)
Google,Gemini 2.5 technical report (2.5 Pro / 2.5 Flash),2025-06-17,https://storage.googleapis.com/deepmind-media/gemini/gemini_v2_5_report.pdf,tech_report,main,ActivityNet-QA,visual-only,Gemini 2.5 Pro,66.7,Table 6 (video)
Google,Gemini 2.5 technical report (2.5 Pro / 2.5 Flash),2025-06-17,https://storage.googleapis.com/deepmind-media/gemini/gemini_v2_5_report.pdf,tech_report,main,EgoTempo,visual-only,Gemini 2.5 Pro,44.3,Table 6 (video)
Google,Gemini 2.5 technical report (2.5 Pro / 2.5 Flash),2025-06-17,https://storage.googleapis.com/deepmind-media/gemini/gemini_v2_5_report.pdf,tech_report,main,Perception Test,visual-only,Gemini 2.5 Pro,78.4,Table 6 (video)
Google,Gemini 2.5 technical report (2.5 Pro / 2.5 Flash),2025-06-17,https://storage.googleapis.com/deepmind-media/gemini/gemini_v2_5_report.pdf,tech_report,main,QVHighlights,visual-only,Gemini 2.5 Pro,75.0,Table 6 (video)
Google,Gemini 2.5 technical report (2.5 Pro / 2.5 Flash),2025-06-17,https://storage.googleapis.com/deepmind-media/gemini/gemini_v2_5_report.pdf,tech_report,main,VideoMMMU,visual-only,Gemini 2.5 Pro,83.6,Table 6 (video)
Google,Gemini 2.5 technical report (2.5 Pro / 2.5 Flash),2025-06-17,https://storage.googleapis.com/deepmind-media/gemini/gemini_v2_5_report.pdf,tech_report,main,1H-VideoQA,visual-only,Gemini 2.5 Pro,81.0,Table 6 (video)
Google,Gemini 2.5 technical report (2.5 Pro / 2.5 Flash),2025-06-17,https://storage.googleapis.com/deepmind-media/gemini/gemini_v2_5_report.pdf,tech_report,main,LVBench,audio + visual,Gemini 2.5 Pro,78.7,Table 6 (video)
Google,Gemini 2.5 technical report (2.5 Pro / 2.5 Flash),2025-06-17,https://storage.googleapis.com/deepmind-media/gemini/gemini_v2_5_report.pdf,tech_report,main,VideoMME,audio + visual,Gemini 2.5 Pro,84.3,Table 6 (video)
Google,Gemini 2.5 technical report (2.5 Pro / 2.5 Flash),2025-06-17,https://storage.googleapis.com/deepmind-media/gemini/gemini_v2_5_report.pdf,tech_report,main,VideoMME,audio + visual + subtitles,Gemini 2.5 Pro,86.9,Table 6 (video)
Google,Gemini 2.5 technical report (2.5 Pro / 2.5 Flash),2025-06-17,https://storage.googleapis.com/deepmind-media/gemini/gemini_v2_5_report.pdf,tech_report,main,VATEX,audio + visual (captioning),Gemini 2.5 Pro,71.3,Table 6 (video)
Google,Gemini 2.5 technical report (2.5 Pro / 2.5 Flash),2025-06-17,https://storage.googleapis.com/deepmind-media/gemini/gemini_v2_5_report.pdf,tech_report,main,VATEX-ZH,audio + visual (captioning),Gemini 2.5 Pro,59.7,Table 6 (video)
Google,Gemini 2.5 technical report (2.5 Pro / 2.5 Flash),2025-06-17,https://storage.googleapis.com/deepmind-media/gemini/gemini_v2_5_report.pdf,tech_report,main,YouCook2 Cap,"audio + visual (captioning, CIDEr)",Gemini 2.5 Pro,188.3,Table 6 (video)
Google,Gemini 2.5 technical report (2.5 Pro / 2.5 Flash),2025-06-17,https://storage.googleapis.com/deepmind-media/gemini/gemini_v2_5_report.pdf,tech_report,main,Minerva,visual + subtitles (video QA),Gemini 2.5 Pro,67.6,Table 6 (video)
Google,Gemini 2.5 technical report (2.5 Pro / 2.5 Flash),2025-06-17,https://storage.googleapis.com/deepmind-media/gemini/gemini_v2_5_report.pdf,tech_report,main,Neptune,visual + subtitles,Gemini 2.5 Pro,87.3,Table 6 (video)
Google,Gemini 2.5 technical report (2.5 Pro / 2.5 Flash),2025-06-17,https://storage.googleapis.com/deepmind-media/gemini/gemini_v2_5_report.pdf,tech_report,main,LMArena,text and WebDev leaderboards (Figure 1),Gemini 2.5 Pro,,Shown in figure; no table value extracted
Google,Gemini 2.5 technical report (2.5 Pro / 2.5 Flash),2025-06-17,https://storage.googleapis.com/deepmind-media/gemini/gemini_v2_5_report.pdf,tech_report,main,Humanity's Last Exam,Gemini Deep Research agent (Section 2.6),Gemini Deep Research (2.5 Pro),,Mentioned in text/figure; value not extracted
Google,Gemini 2.5 technical report (2.5 Pro / 2.5 Flash),2025-06-17,https://storage.googleapis.com/deepmind-media/gemini/gemini_v2_5_report.pdf,tech_report,main,SecureBio VMQA,Frontier Safety (CBRN MCQ),Gemini 2.5 Pro,,Section 5.7 frontier safety evaluations (figure)
Google,Gemini 2.5 technical report (2.5 Pro / 2.5 Flash),2025-06-17,https://storage.googleapis.com/deepmind-media/gemini/gemini_v2_5_report.pdf,tech_report,main,FutureHouse LAB-Bench,Frontier Safety (CBRN MCQ),Gemini 2.5 Pro,,Section 5.7 frontier safety evaluations (figure)
Google,Gemini 2.5 technical report (2.5 Pro / 2.5 Flash),2025-06-17,https://storage.googleapis.com/deepmind-media/gemini/gemini_v2_5_report.pdf,tech_report,main,WMDP,Frontier Safety (CBRN MCQ),Gemini 2.5 Pro,,Section 5.7 frontier safety evaluations (figure)
Google,Gemini 2.5 technical report (2.5 Pro / 2.5 Flash),2025-06-17,https://storage.googleapis.com/deepmind-media/gemini/gemini_v2_5_report.pdf,tech_report,main,InterCode-CTF,Frontier Safety (cyber CTF),Gemini 2.5 Pro,,Section 5.7 frontier safety evaluations (figure)
Google,Gemini 2.5 technical report (2.5 Pro / 2.5 Flash),2025-06-17,https://storage.googleapis.com/deepmind-media/gemini/gemini_v2_5_report.pdf,tech_report,main,Hack the Box,Frontier Safety (cyber CTF),Gemini 2.5 Pro,,Section 5.7 frontier safety evaluations (figure)
Google,Gemini 2.5 technical report (2.5 Pro / 2.5 Flash),2025-06-17,https://storage.googleapis.com/deepmind-media/gemini/gemini_v2_5_report.pdf,tech_report,main,RE-Bench,Frontier Safety (ML R&D),Gemini 2.5 Pro,,Section 5.7 frontier safety evaluations (figure)
Google,Gemini 2.5 Flash-Lite (preview),2025-06-17,https://storage.googleapis.com/deepmind-media/Model-Cards/Gemini-2-5-Flash-Lite-Model-Card.pdf,model_card,main,Humanity's Last Exam,no tools,"Gemini 2.5 Flash-Lite (06-17), thinking",6.9%,"Gemini 2.5 Flash-Lite model card (updated 2025-09-26), column ""2.5 Flash-Lite Thinking (06-17)""; compared with 2.0 Flash"
Google,Gemini 2.5 Flash-Lite (preview),2025-06-17,https://storage.googleapis.com/deepmind-media/Model-Cards/Gemini-2-5-Flash-Lite-Model-Card.pdf,model_card,main,GPQA diamond,,"Gemini 2.5 Flash-Lite (06-17), thinking",66.7%,"Gemini 2.5 Flash-Lite model card (updated 2025-09-26), column ""2.5 Flash-Lite Thinking (06-17)""; compared with 2.0 Flash"
Google,Gemini 2.5 Flash-Lite (preview),2025-06-17,https://storage.googleapis.com/deepmind-media/Model-Cards/Gemini-2-5-Flash-Lite-Model-Card.pdf,model_card,main,AIME 2025,,"Gemini 2.5 Flash-Lite (06-17), thinking",63.1%,"Gemini 2.5 Flash-Lite model card (updated 2025-09-26), column ""2.5 Flash-Lite Thinking (06-17)""; compared with 2.0 Flash"
Google,Gemini 2.5 Flash-Lite (preview),2025-06-17,https://storage.googleapis.com/deepmind-media/Model-Cards/Gemini-2-5-Flash-Lite-Model-Card.pdf,model_card,main,LiveCodeBench v5,UI: 1/1/2025-5/1/2025,"Gemini 2.5 Flash-Lite (06-17), thinking",34.3%,"Gemini 2.5 Flash-Lite model card (updated 2025-09-26), column ""2.5 Flash-Lite Thinking (06-17)""; compared with 2.0 Flash"
Google,Gemini 2.5 Flash-Lite (preview),2025-06-17,https://storage.googleapis.com/deepmind-media/Model-Cards/Gemini-2-5-Flash-Lite-Model-Card.pdf,model_card,main,Aider Polyglot,whole,"Gemini 2.5 Flash-Lite (06-17), thinking",27.1%,"Gemini 2.5 Flash-Lite model card (updated 2025-09-26), column ""2.5 Flash-Lite Thinking (06-17)""; compared with 2.0 Flash"
Google,Gemini 2.5 Flash-Lite (preview),2025-06-17,https://storage.googleapis.com/deepmind-media/Model-Cards/Gemini-2-5-Flash-Lite-Model-Card.pdf,model_card,main,SWE-Bench Verified,single attempt,"Gemini 2.5 Flash-Lite (06-17), thinking",27.6%,"Gemini 2.5 Flash-Lite model card (updated 2025-09-26), column ""2.5 Flash-Lite Thinking (06-17)""; compared with 2.0 Flash"
Google,Gemini 2.5 Flash-Lite (preview),2025-06-17,https://storage.googleapis.com/deepmind-media/Model-Cards/Gemini-2-5-Flash-Lite-Model-Card.pdf,model_card,main,SWE-Bench Verified,multiple attempts,"Gemini 2.5 Flash-Lite (06-17), thinking",44.9%,"Gemini 2.5 Flash-Lite model card (updated 2025-09-26), column ""2.5 Flash-Lite Thinking (06-17)""; compared with 2.0 Flash"
Google,Gemini 2.5 Flash-Lite (preview),2025-06-17,https://storage.googleapis.com/deepmind-media/Model-Cards/Gemini-2-5-Flash-Lite-Model-Card.pdf,model_card,main,SimpleQA,,"Gemini 2.5 Flash-Lite (06-17), thinking",13.0%,"Gemini 2.5 Flash-Lite model card (updated 2025-09-26), column ""2.5 Flash-Lite Thinking (06-17)""; compared with 2.0 Flash"
Google,Gemini 2.5 Flash-Lite (preview),2025-06-17,https://storage.googleapis.com/deepmind-media/Model-Cards/Gemini-2-5-Flash-Lite-Model-Card.pdf,model_card,main,FACTS Grounding,,"Gemini 2.5 Flash-Lite (06-17), thinking",86.8%,"Gemini 2.5 Flash-Lite model card (updated 2025-09-26), column ""2.5 Flash-Lite Thinking (06-17)""; compared with 2.0 Flash"
Google,Gemini 2.5 Flash-Lite (preview),2025-06-17,https://storage.googleapis.com/deepmind-media/Model-Cards/Gemini-2-5-Flash-Lite-Model-Card.pdf,model_card,main,MMMU,single attempt,"Gemini 2.5 Flash-Lite (06-17), thinking",72.9%,"Gemini 2.5 Flash-Lite model card (updated 2025-09-26), column ""2.5 Flash-Lite Thinking (06-17)""; compared with 2.0 Flash"
Google,Gemini 2.5 Flash-Lite (preview),2025-06-17,https://storage.googleapis.com/deepmind-media/Model-Cards/Gemini-2-5-Flash-Lite-Model-Card.pdf,model_card,main,Vibe-Eval (Reka),,"Gemini 2.5 Flash-Lite (06-17), thinking",57.5%,"Gemini 2.5 Flash-Lite model card (updated 2025-09-26), column ""2.5 Flash-Lite Thinking (06-17)""; compared with 2.0 Flash"
Google,Gemini 2.5 Flash-Lite (preview),2025-06-17,https://storage.googleapis.com/deepmind-media/Model-Cards/Gemini-2-5-Flash-Lite-Model-Card.pdf,model_card,main,MRCR v2 (8-needle),128k (average),"Gemini 2.5 Flash-Lite (06-17), thinking",30.6%,"Gemini 2.5 Flash-Lite model card (updated 2025-09-26), column ""2.5 Flash-Lite Thinking (06-17)""; compared with 2.0 Flash"
Google,Gemini 2.5 Flash-Lite (preview),2025-06-17,https://storage.googleapis.com/deepmind-media/Model-Cards/Gemini-2-5-Flash-Lite-Model-Card.pdf,model_card,main,MRCR v2 (8-needle),1M (pointwise),"Gemini 2.5 Flash-Lite (06-17), thinking",5.40%,"Gemini 2.5 Flash-Lite model card (updated 2025-09-26), column ""2.5 Flash-Lite Thinking (06-17)""; compared with 2.0 Flash"
Google,Gemini 2.5 Flash-Lite (preview),2025-06-17,https://storage.googleapis.com/deepmind-media/Model-Cards/Gemini-2-5-Flash-Lite-Model-Card.pdf,model_card,main,Global MMLU (Lite),,"Gemini 2.5 Flash-Lite (06-17), thinking",84.5%,"Gemini 2.5 Flash-Lite model card (updated 2025-09-26), column ""2.5 Flash-Lite Thinking (06-17)""; compared with 2.0 Flash"
Google,Gemini 2.5 Deep Think,2025-08-01,https://storage.googleapis.com/deepmind-media/Model-Cards/Gemini-2-5-Deep-Think-Model-Card.pdf,model_card,main,Humanity's Last Exam,no tools,Gemini 2.5 Deep Think,34.8%,"Gemini 2.5 Deep Think model card (2025-08-01); compared with Gemini 2.5 Pro, OpenAI o3, Grok 4; no tool use"
Google,Gemini 2.5 Deep Think,2025-08-01,https://storage.googleapis.com/deepmind-media/Model-Cards/Gemini-2-5-Deep-Think-Model-Card.pdf,model_card,main,IMO 2025,,Gemini 2.5 Deep Think; pass@1,60.7% (Bronze medal grade),"Gemini 2.5 Deep Think model card (2025-08-01); compared with Gemini 2.5 Pro, OpenAI o3, Grok 4; no tool use; other models best-of-32 from matharena.ai"
Google,Gemini 2.5 Deep Think,2025-08-01,https://storage.googleapis.com/deepmind-media/Model-Cards/Gemini-2-5-Deep-Think-Model-Card.pdf,model_card,main,AIME 2025,,Gemini 2.5 Deep Think,99.2%,"Gemini 2.5 Deep Think model card (2025-08-01); compared with Gemini 2.5 Pro, OpenAI o3, Grok 4; no tool use"
Google,Gemini 2.5 Deep Think,2025-08-01,https://storage.googleapis.com/deepmind-media/Model-Cards/Gemini-2-5-Deep-Think-Model-Card.pdf,model_card,main,LiveCodeBench v6,UI: 1/1/2025-5/1/2025,Gemini 2.5 Deep Think,87.6%,"Gemini 2.5 Deep Think model card (2025-08-01); compared with Gemini 2.5 Pro, OpenAI o3, Grok 4; no tool use"
Google,Gemini 3 Pro,2025-11-18,https://simonwillison.net/2025/Nov/18/gemini-3/,secondary,main,Humanity's Last Exam,no tools,Gemini 3 Pro,37.5%,"Official table (blog + evaluation PDF deepmind.google/models/evals-methodology/gemini-3-pro) is an image; benchmark list confirmed by the official methodology text; scores transcribed by simonwillison.net (cross-check: HLE, ARC-AGI-2, GPQA, SWE-Bench Verified, LiveCodeBench Pro, MMMU-Pro, MMMLU, MRCR v2 values equal the Gemini 3 Pro column of the official Gemini 3.1 Pro model card). Compared with Gemini 2.5 Pro, Claude Sonnet 4.5, GPT-5.1"
Google,Gemini 3 Pro,2025-11-18,https://simonwillison.net/2025/Nov/18/gemini-3/,secondary,main,Humanity's Last Exam,with search and code execution,Gemini 3 Pro,45.8%,"Official table (blog + evaluation PDF deepmind.google/models/evals-methodology/gemini-3-pro) is an image; benchmark list confirmed by the official methodology text; scores transcribed by simonwillison.net (cross-check: HLE, ARC-AGI-2, GPQA, SWE-Bench Verified, LiveCodeBench Pro, MMMU-Pro, MMMLU, MRCR v2 values equal the Gemini 3 Pro column of the official Gemini 3.1 Pro model card). Compared with Gemini 2.5 Pro, Claude Sonnet 4.5, GPT-5.1"
Google,Gemini 3 Pro,2025-11-18,https://simonwillison.net/2025/Nov/18/gemini-3/,secondary,main,ARC-AGI-2,ARC Prize Verified,Gemini 3 Pro,31.1%,"Official table (blog + evaluation PDF deepmind.google/models/evals-methodology/gemini-3-pro) is an image; benchmark list confirmed by the official methodology text; scores transcribed by simonwillison.net (cross-check: HLE, ARC-AGI-2, GPQA, SWE-Bench Verified, LiveCodeBench Pro, MMMU-Pro, MMMLU, MRCR v2 values equal the Gemini 3 Pro column of the official Gemini 3.1 Pro model card). Compared with Gemini 2.5 Pro, Claude Sonnet 4.5, GPT-5.1"
Google,Gemini 3 Pro,2025-11-18,https://simonwillison.net/2025/Nov/18/gemini-3/,secondary,main,GPQA Diamond,no tools,Gemini 3 Pro,91.9%,"Official table (blog + evaluation PDF deepmind.google/models/evals-methodology/gemini-3-pro) is an image; benchmark list confirmed by the official methodology text; scores transcribed by simonwillison.net (cross-check: HLE, ARC-AGI-2, GPQA, SWE-Bench Verified, LiveCodeBench Pro, MMMU-Pro, MMMLU, MRCR v2 values equal the Gemini 3 Pro column of the official Gemini 3.1 Pro model card). Compared with Gemini 2.5 Pro, Claude Sonnet 4.5, GPT-5.1"
Google,Gemini 3 Pro,2025-11-18,https://simonwillison.net/2025/Nov/18/gemini-3/,secondary,main,AIME 2025,no tools,Gemini 3 Pro,95.0%,"Official table (blog + evaluation PDF deepmind.google/models/evals-methodology/gemini-3-pro) is an image; benchmark list confirmed by the official methodology text; scores transcribed by simonwillison.net (cross-check: HLE, ARC-AGI-2, GPQA, SWE-Bench Verified, LiveCodeBench Pro, MMMU-Pro, MMMLU, MRCR v2 values equal the Gemini 3 Pro column of the official Gemini 3.1 Pro model card). Compared with Gemini 2.5 Pro, Claude Sonnet 4.5, GPT-5.1"
Google,Gemini 3 Pro,2025-11-18,https://simonwillison.net/2025/Nov/18/gemini-3/,secondary,main,AIME 2025,with code execution,Gemini 3 Pro,100%,"Official table (blog + evaluation PDF deepmind.google/models/evals-methodology/gemini-3-pro) is an image; benchmark list confirmed by the official methodology text; scores transcribed by simonwillison.net (cross-check: HLE, ARC-AGI-2, GPQA, SWE-Bench Verified, LiveCodeBench Pro, MMMU-Pro, MMMLU, MRCR v2 values equal the Gemini 3 Pro column of the official Gemini 3.1 Pro model card). Compared with Gemini 2.5 Pro, Claude Sonnet 4.5, GPT-5.1"
Google,Gemini 3 Pro,2025-11-18,https://simonwillison.net/2025/Nov/18/gemini-3/,secondary,main,MathArena Apex,,Gemini 3 Pro,23.4%,"Official table (blog + evaluation PDF deepmind.google/models/evals-methodology/gemini-3-pro) is an image; benchmark list confirmed by the official methodology text; scores transcribed by simonwillison.net (cross-check: HLE, ARC-AGI-2, GPQA, SWE-Bench Verified, LiveCodeBench Pro, MMMU-Pro, MMMLU, MRCR v2 values equal the Gemini 3 Pro column of the official Gemini 3.1 Pro model card). Compared with Gemini 2.5 Pro, Claude Sonnet 4.5, GPT-5.1"
Google,Gemini 3 Pro,2025-11-18,https://simonwillison.net/2025/Nov/18/gemini-3/,secondary,main,MMMU-Pro,avg of Standard and Vision settings,Gemini 3 Pro,81.0%,"Official table (blog + evaluation PDF deepmind.google/models/evals-methodology/gemini-3-pro) is an image; benchmark list confirmed by the official methodology text; scores transcribed by simonwillison.net (cross-check: HLE, ARC-AGI-2, GPQA, SWE-Bench Verified, LiveCodeBench Pro, MMMU-Pro, MMMLU, MRCR v2 values equal the Gemini 3 Pro column of the official Gemini 3.1 Pro model card). Compared with Gemini 2.5 Pro, Claude Sonnet 4.5, GPT-5.1"
Google,Gemini 3 Pro,2025-11-18,https://simonwillison.net/2025/Nov/18/gemini-3/,secondary,main,ScreenSpot-Pro,,Gemini 3 Pro,72.7%,"Official table (blog + evaluation PDF deepmind.google/models/evals-methodology/gemini-3-pro) is an image; benchmark list confirmed by the official methodology text; scores transcribed by simonwillison.net (cross-check: HLE, ARC-AGI-2, GPQA, SWE-Bench Verified, LiveCodeBench Pro, MMMU-Pro, MMMLU, MRCR v2 values equal the Gemini 3 Pro column of the official Gemini 3.1 Pro model card). Compared with Gemini 2.5 Pro, Claude Sonnet 4.5, GPT-5.1"
Google,Gemini 3 Pro,2025-11-18,https://simonwillison.net/2025/Nov/18/gemini-3/,secondary,main,CharXiv Reasoning,1000 validation reasoning questions,Gemini 3 Pro,81.4%,"Official table (blog + evaluation PDF deepmind.google/models/evals-methodology/gemini-3-pro) is an image; benchmark list confirmed by the official methodology text; scores transcribed by simonwillison.net (cross-check: HLE, ARC-AGI-2, GPQA, SWE-Bench Verified, LiveCodeBench Pro, MMMU-Pro, MMMLU, MRCR v2 values equal the Gemini 3 Pro column of the official Gemini 3.1 Pro model card). Compared with Gemini 2.5 Pro, Claude Sonnet 4.5, GPT-5.1"
Google,Gemini 3 Pro,2025-11-18,https://simonwillison.net/2025/Nov/18/gemini-3/,secondary,main,OmniDocBench 1.5,overall edit distance (lower is better),Gemini 3 Pro,0.115,"Official table (blog + evaluation PDF deepmind.google/models/evals-methodology/gemini-3-pro) is an image; benchmark list confirmed by the official methodology text; scores transcribed by simonwillison.net (cross-check: HLE, ARC-AGI-2, GPQA, SWE-Bench Verified, LiveCodeBench Pro, MMMU-Pro, MMMLU, MRCR v2 values equal the Gemini 3 Pro column of the official Gemini 3.1 Pro model card). Compared with Gemini 2.5 Pro, Claude Sonnet 4.5, GPT-5.1"
Google,Gemini 3 Pro,2025-11-18,https://simonwillison.net/2025/Nov/18/gemini-3/,secondary,main,Video-MMMU,,Gemini 3 Pro,87.6%,"Official table (blog + evaluation PDF deepmind.google/models/evals-methodology/gemini-3-pro) is an image; benchmark list confirmed by the official methodology text; scores transcribed by simonwillison.net (cross-check: HLE, ARC-AGI-2, GPQA, SWE-Bench Verified, LiveCodeBench Pro, MMMU-Pro, MMMLU, MRCR v2 values equal the Gemini 3 Pro column of the official Gemini 3.1 Pro model card). Compared with Gemini 2.5 Pro, Claude Sonnet 4.5, GPT-5.1"
Google,Gemini 3 Pro,2025-11-18,https://simonwillison.net/2025/Nov/18/gemini-3/,secondary,main,LiveCodeBench Pro,Elo,Gemini 3 Pro,2439,"Official table (blog + evaluation PDF deepmind.google/models/evals-methodology/gemini-3-pro) is an image; benchmark list confirmed by the official methodology text; scores transcribed by simonwillison.net (cross-check: HLE, ARC-AGI-2, GPQA, SWE-Bench Verified, LiveCodeBench Pro, MMMU-Pro, MMMLU, MRCR v2 values equal the Gemini 3 Pro column of the official Gemini 3.1 Pro model card). Compared with Gemini 2.5 Pro, Claude Sonnet 4.5, GPT-5.1"
Google,Gemini 3 Pro,2025-11-18,https://simonwillison.net/2025/Nov/18/gemini-3/,secondary,main,Terminal-Bench 2.0,,Gemini 3 Pro,54.2%,"Official table (blog + evaluation PDF deepmind.google/models/evals-methodology/gemini-3-pro) is an image; benchmark list confirmed by the official methodology text; scores transcribed by simonwillison.net (cross-check: HLE, ARC-AGI-2, GPQA, SWE-Bench Verified, LiveCodeBench Pro, MMMU-Pro, MMMLU, MRCR v2 values equal the Gemini 3 Pro column of the official Gemini 3.1 Pro model card). Compared with Gemini 2.5 Pro, Claude Sonnet 4.5, GPT-5.1"
Google,Gemini 3 Pro,2025-11-18,https://simonwillison.net/2025/Nov/18/gemini-3/,secondary,main,SWE-Bench Verified,single attempt,Gemini 3 Pro,76.2%,"Official table (blog + evaluation PDF deepmind.google/models/evals-methodology/gemini-3-pro) is an image; benchmark list confirmed by the official methodology text; scores transcribed by simonwillison.net (cross-check: HLE, ARC-AGI-2, GPQA, SWE-Bench Verified, LiveCodeBench Pro, MMMU-Pro, MMMLU, MRCR v2 values equal the Gemini 3 Pro column of the official Gemini 3.1 Pro model card). Compared with Gemini 2.5 Pro, Claude Sonnet 4.5, GPT-5.1"
Google,Gemini 3 Pro,2025-11-18,https://simonwillison.net/2025/Nov/18/gemini-3/,secondary,main,τ2-bench,,Gemini 3 Pro,85.4%,"Official table (blog + evaluation PDF deepmind.google/models/evals-methodology/gemini-3-pro) is an image; benchmark list confirmed by the official methodology text; scores transcribed by simonwillison.net (cross-check: HLE, ARC-AGI-2, GPQA, SWE-Bench Verified, LiveCodeBench Pro, MMMU-Pro, MMMLU, MRCR v2 values equal the Gemini 3 Pro column of the official Gemini 3.1 Pro model card). Compared with Gemini 2.5 Pro, Claude Sonnet 4.5, GPT-5.1"
Google,Gemini 3 Pro,2025-11-18,https://simonwillison.net/2025/Nov/18/gemini-3/,secondary,main,Vending-Bench 2,net worth (USD),Gemini 3 Pro,"$5,478.16","Official table (blog + evaluation PDF deepmind.google/models/evals-methodology/gemini-3-pro) is an image; benchmark list confirmed by the official methodology text; scores transcribed by simonwillison.net (cross-check: HLE, ARC-AGI-2, GPQA, SWE-Bench Verified, LiveCodeBench Pro, MMMU-Pro, MMMLU, MRCR v2 values equal the Gemini 3 Pro column of the official Gemini 3.1 Pro model card). Compared with Gemini 2.5 Pro, Claude Sonnet 4.5, GPT-5.1"
Google,Gemini 3 Pro,2025-11-18,https://simonwillison.net/2025/Nov/18/gemini-3/,secondary,main,FACTS Benchmark Suite,,Gemini 3 Pro,70.5%,"Official table (blog + evaluation PDF deepmind.google/models/evals-methodology/gemini-3-pro) is an image; benchmark list confirmed by the official methodology text; scores transcribed by simonwillison.net (cross-check: HLE, ARC-AGI-2, GPQA, SWE-Bench Verified, LiveCodeBench Pro, MMMU-Pro, MMMLU, MRCR v2 values equal the Gemini 3 Pro column of the official Gemini 3.1 Pro model card). Compared with Gemini 2.5 Pro, Claude Sonnet 4.5, GPT-5.1"
Google,Gemini 3 Pro,2025-11-18,https://simonwillison.net/2025/Nov/18/gemini-3/,secondary,main,SimpleQA Verified,,Gemini 3 Pro,72.1%,"Official table (blog + evaluation PDF deepmind.google/models/evals-methodology/gemini-3-pro) is an image; benchmark list confirmed by the official methodology text; scores transcribed by simonwillison.net (cross-check: HLE, ARC-AGI-2, GPQA, SWE-Bench Verified, LiveCodeBench Pro, MMMU-Pro, MMMLU, MRCR v2 values equal the Gemini 3 Pro column of the official Gemini 3.1 Pro model card). Compared with Gemini 2.5 Pro, Claude Sonnet 4.5, GPT-5.1"
Google,Gemini 3 Pro,2025-11-18,https://simonwillison.net/2025/Nov/18/gemini-3/,secondary,main,MMMLU,,Gemini 3 Pro,91.8%,"Official table (blog + evaluation PDF deepmind.google/models/evals-methodology/gemini-3-pro) is an image; benchmark list confirmed by the official methodology text; scores transcribed by simonwillison.net (cross-check: HLE, ARC-AGI-2, GPQA, SWE-Bench Verified, LiveCodeBench Pro, MMMU-Pro, MMMLU, MRCR v2 values equal the Gemini 3 Pro column of the official Gemini 3.1 Pro model card). Compared with Gemini 2.5 Pro, Claude Sonnet 4.5, GPT-5.1"
Google,Gemini 3 Pro,2025-11-18,https://simonwillison.net/2025/Nov/18/gemini-3/,secondary,main,Global PIQA,,Gemini 3 Pro,93.4%,"Official table (blog + evaluation PDF deepmind.google/models/evals-methodology/gemini-3-pro) is an image; benchmark list confirmed by the official methodology text; scores transcribed by simonwillison.net (cross-check: HLE, ARC-AGI-2, GPQA, SWE-Bench Verified, LiveCodeBench Pro, MMMU-Pro, MMMLU, MRCR v2 values equal the Gemini 3 Pro column of the official Gemini 3.1 Pro model card). Compared with Gemini 2.5 Pro, Claude Sonnet 4.5, GPT-5.1"
Google,Gemini 3 Pro,2025-11-18,https://simonwillison.net/2025/Nov/18/gemini-3/,secondary,main,MRCR v2 (8-needle),128k (average),Gemini 3 Pro,77.0%,"Official table (blog + evaluation PDF deepmind.google/models/evals-methodology/gemini-3-pro) is an image; benchmark list confirmed by the official methodology text; scores transcribed by simonwillison.net (cross-check: HLE, ARC-AGI-2, GPQA, SWE-Bench Verified, LiveCodeBench Pro, MMMU-Pro, MMMLU, MRCR v2 values equal the Gemini 3 Pro column of the official Gemini 3.1 Pro model card). Compared with Gemini 2.5 Pro, Claude Sonnet 4.5, GPT-5.1"
Google,Gemini 3 Pro,2025-11-18,https://simonwillison.net/2025/Nov/18/gemini-3/,secondary,main,MRCR v2 (8-needle),1M (pointwise),Gemini 3 Pro,26.3%,"Official table (blog + evaluation PDF deepmind.google/models/evals-methodology/gemini-3-pro) is an image; benchmark list confirmed by the official methodology text; scores transcribed by simonwillison.net (cross-check: HLE, ARC-AGI-2, GPQA, SWE-Bench Verified, LiveCodeBench Pro, MMMU-Pro, MMMLU, MRCR v2 values equal the Gemini 3 Pro column of the official Gemini 3.1 Pro model card). Compared with Gemini 2.5 Pro, Claude Sonnet 4.5, GPT-5.1"
Google,Gemini 3 Pro,2025-11-18,https://blog.google/products-and-platforms/products/gemini/gemini-3/,blog,main,LMArena,text leaderboard Elo,Gemini 3 Pro,1501,Launch blog text
Google,Gemini 3 Pro,2025-11-18,https://blog.google/products-and-platforms/products/gemini/gemini-3/,blog,main,WebDev Arena,Elo,Gemini 3 Pro,1487,Launch blog text
Google,Gemini 3 Deep Think,2025-12-04,https://blog.google/products-and-platforms/products/gemini/gemini-3/,blog,main,Humanity's Last Exam,no tools,Gemini 3 Deep Think,41.0%,Gemini 3 launch blog (2025-11-18) and Deep Think blog (2025-12-04)
Google,Gemini 3 Deep Think,2025-12-04,https://blog.google/products-and-platforms/products/gemini/gemini-3/,blog,main,GPQA Diamond,,Gemini 3 Deep Think,93.8%,Gemini 3 launch blog (2025-11-18)
Google,Gemini 3 Deep Think,2025-12-04,https://blog.google/products-and-platforms/products/gemini/gemini-3/,blog,main,ARC-AGI-2,with code execution,Gemini 3 Deep Think,45.1%,Gemini 3 launch blog (2025-11-18) and Deep Think blog (2025-12-04)
Google,Gemini 3 Flash,2025-12-17,https://vertu.com/lifestyle/gemini-3-flash-vs-gemini-2-5-pro-the-flash-model-that-beats-googles-pro,secondary,main,Humanity's Last Exam,no tools,Gemini 3 Flash,33.7%,"Official table (blog + evaluation PDF) is an image; benchmark list confirmed by official methodology text; scores transcribed by vertu.com (cross-checked: HLE, ARC-AGI-2, MMMU-Pro, CharXiv, MRCR values match the Gemini 3 Flash column of the official Gemini 3.5 Flash model card). Compared with Gemini 3 Pro, 2.5 Flash, 2.5 Pro, Claude Sonnet 4.5, GPT-5.2, Grok 4.1 Fast"
Google,Gemini 3 Flash,2025-12-17,https://vertu.com/lifestyle/gemini-3-flash-vs-gemini-2-5-pro-the-flash-model-that-beats-googles-pro,secondary,main,Humanity's Last Exam,with search and code execution,Gemini 3 Flash,43.5%,"Official table (blog + evaluation PDF) is an image; benchmark list confirmed by official methodology text; scores transcribed by vertu.com (cross-checked: HLE, ARC-AGI-2, MMMU-Pro, CharXiv, MRCR values match the Gemini 3 Flash column of the official Gemini 3.5 Flash model card). Compared with Gemini 3 Pro, 2.5 Flash, 2.5 Pro, Claude Sonnet 4.5, GPT-5.2, Grok 4.1 Fast"
Google,Gemini 3 Flash,2025-12-17,https://vertu.com/lifestyle/gemini-3-flash-vs-gemini-2-5-pro-the-flash-model-that-beats-googles-pro,secondary,main,ARC-AGI-2,semi-private set,Gemini 3 Flash,33.6%,"Official table (blog + evaluation PDF) is an image; benchmark list confirmed by official methodology text; scores transcribed by vertu.com (cross-checked: HLE, ARC-AGI-2, MMMU-Pro, CharXiv, MRCR values match the Gemini 3 Flash column of the official Gemini 3.5 Flash model card). Compared with Gemini 3 Pro, 2.5 Flash, 2.5 Pro, Claude Sonnet 4.5, GPT-5.2, Grok 4.1 Fast"
Google,Gemini 3 Flash,2025-12-17,https://vertu.com/lifestyle/gemini-3-flash-vs-gemini-2-5-pro-the-flash-model-that-beats-googles-pro,secondary,main,GPQA Diamond,,Gemini 3 Flash,90.4%,"Official table (blog + evaluation PDF) is an image; benchmark list confirmed by official methodology text; scores transcribed by vertu.com (cross-checked: HLE, ARC-AGI-2, MMMU-Pro, CharXiv, MRCR values match the Gemini 3 Flash column of the official Gemini 3.5 Flash model card). Compared with Gemini 3 Pro, 2.5 Flash, 2.5 Pro, Claude Sonnet 4.5, GPT-5.2, Grok 4.1 Fast"
Google,Gemini 3 Flash,2025-12-17,https://vertu.com/lifestyle/gemini-3-flash-vs-gemini-2-5-pro-the-flash-model-that-beats-googles-pro,secondary,main,AIME 2025,no tools,Gemini 3 Flash,95.2%,"Official table (blog + evaluation PDF) is an image; benchmark list confirmed by official methodology text; scores transcribed by vertu.com (cross-checked: HLE, ARC-AGI-2, MMMU-Pro, CharXiv, MRCR values match the Gemini 3 Flash column of the official Gemini 3.5 Flash model card). Compared with Gemini 3 Pro, 2.5 Flash, 2.5 Pro, Claude Sonnet 4.5, GPT-5.2, Grok 4.1 Fast"
Google,Gemini 3 Flash,2025-12-17,https://vertu.com/lifestyle/gemini-3-flash-vs-gemini-2-5-pro-the-flash-model-that-beats-googles-pro,secondary,main,AIME 2025,with code execution,Gemini 3 Flash,99.7%,"Official table (blog + evaluation PDF) is an image; benchmark list confirmed by official methodology text; scores transcribed by vertu.com (cross-checked: HLE, ARC-AGI-2, MMMU-Pro, CharXiv, MRCR values match the Gemini 3 Flash column of the official Gemini 3.5 Flash model card). Compared with Gemini 3 Pro, 2.5 Flash, 2.5 Pro, Claude Sonnet 4.5, GPT-5.2, Grok 4.1 Fast"
Google,Gemini 3 Flash,2025-12-17,https://vertu.com/lifestyle/gemini-3-flash-vs-gemini-2-5-pro-the-flash-model-that-beats-googles-pro,secondary,main,MMMU-Pro,,Gemini 3 Flash,81.2%,"Official table (blog + evaluation PDF) is an image; benchmark list confirmed by official methodology text; scores transcribed by vertu.com (cross-checked: HLE, ARC-AGI-2, MMMU-Pro, CharXiv, MRCR values match the Gemini 3 Flash column of the official Gemini 3.5 Flash model card). Compared with Gemini 3 Pro, 2.5 Flash, 2.5 Pro, Claude Sonnet 4.5, GPT-5.2, Grok 4.1 Fast"
Google,Gemini 3 Flash,2025-12-17,https://vertu.com/lifestyle/gemini-3-flash-vs-gemini-2-5-pro-the-flash-model-that-beats-googles-pro,secondary,main,ScreenSpot-Pro,,Gemini 3 Flash,69.1%,"Official table (blog + evaluation PDF) is an image; benchmark list confirmed by official methodology text; scores transcribed by vertu.com (cross-checked: HLE, ARC-AGI-2, MMMU-Pro, CharXiv, MRCR values match the Gemini 3 Flash column of the official Gemini 3.5 Flash model card). Compared with Gemini 3 Pro, 2.5 Flash, 2.5 Pro, Claude Sonnet 4.5, GPT-5.2, Grok 4.1 Fast"
Google,Gemini 3 Flash,2025-12-17,https://vertu.com/lifestyle/gemini-3-flash-vs-gemini-2-5-pro-the-flash-model-that-beats-googles-pro,secondary,main,CharXiv Reasoning,,Gemini 3 Flash,80.3%,"Official table (blog + evaluation PDF) is an image; benchmark list confirmed by official methodology text; scores transcribed by vertu.com (cross-checked: HLE, ARC-AGI-2, MMMU-Pro, CharXiv, MRCR values match the Gemini 3 Flash column of the official Gemini 3.5 Flash model card). Compared with Gemini 3 Pro, 2.5 Flash, 2.5 Pro, Claude Sonnet 4.5, GPT-5.2, Grok 4.1 Fast"
Google,Gemini 3 Flash,2025-12-17,https://vertu.com/lifestyle/gemini-3-flash-vs-gemini-2-5-pro-the-flash-model-that-beats-googles-pro,secondary,main,OmniDocBench 1.5,edit distance (lower is better),Gemini 3 Flash,0.121,"Official table (blog + evaluation PDF) is an image; benchmark list confirmed by official methodology text; scores transcribed by vertu.com (cross-checked: HLE, ARC-AGI-2, MMMU-Pro, CharXiv, MRCR values match the Gemini 3 Flash column of the official Gemini 3.5 Flash model card). Compared with Gemini 3 Pro, 2.5 Flash, 2.5 Pro, Claude Sonnet 4.5, GPT-5.2, Grok 4.1 Fast"
Google,Gemini 3 Flash,2025-12-17,https://vertu.com/lifestyle/gemini-3-flash-vs-gemini-2-5-pro-the-flash-model-that-beats-googles-pro,secondary,main,Video-MMMU,,Gemini 3 Flash,86.9%,"Official table (blog + evaluation PDF) is an image; benchmark list confirmed by official methodology text; scores transcribed by vertu.com (cross-checked: HLE, ARC-AGI-2, MMMU-Pro, CharXiv, MRCR values match the Gemini 3 Flash column of the official Gemini 3.5 Flash model card). Compared with Gemini 3 Pro, 2.5 Flash, 2.5 Pro, Claude Sonnet 4.5, GPT-5.2, Grok 4.1 Fast"
Google,Gemini 3 Flash,2025-12-17,https://vertu.com/lifestyle/gemini-3-flash-vs-gemini-2-5-pro-the-flash-model-that-beats-googles-pro,secondary,main,LiveCodeBench Pro,Elo,Gemini 3 Flash,2316,"Official table (blog + evaluation PDF) is an image; benchmark list confirmed by official methodology text; scores transcribed by vertu.com (cross-checked: HLE, ARC-AGI-2, MMMU-Pro, CharXiv, MRCR values match the Gemini 3 Flash column of the official Gemini 3.5 Flash model card). Compared with Gemini 3 Pro, 2.5 Flash, 2.5 Pro, Claude Sonnet 4.5, GPT-5.2, Grok 4.1 Fast"
Google,Gemini 3 Flash,2025-12-17,https://vertu.com/lifestyle/gemini-3-flash-vs-gemini-2-5-pro-the-flash-model-that-beats-googles-pro,secondary,main,Terminal-Bench 2.0,,Gemini 3 Flash,47.6%,"Official table (blog + evaluation PDF) is an image; benchmark list confirmed by official methodology text; scores transcribed by vertu.com (cross-checked: HLE, ARC-AGI-2, MMMU-Pro, CharXiv, MRCR values match the Gemini 3 Flash column of the official Gemini 3.5 Flash model card). Compared with Gemini 3 Pro, 2.5 Flash, 2.5 Pro, Claude Sonnet 4.5, GPT-5.2, Grok 4.1 Fast"
Google,Gemini 3 Flash,2025-12-17,https://vertu.com/lifestyle/gemini-3-flash-vs-gemini-2-5-pro-the-flash-model-that-beats-googles-pro,secondary,main,SWE-bench Verified,,Gemini 3 Flash,78.0%,"Official table (blog + evaluation PDF) is an image; benchmark list confirmed by official methodology text; scores transcribed by vertu.com (cross-checked: HLE, ARC-AGI-2, MMMU-Pro, CharXiv, MRCR values match the Gemini 3 Flash column of the official Gemini 3.5 Flash model card). Compared with Gemini 3 Pro, 2.5 Flash, 2.5 Pro, Claude Sonnet 4.5, GPT-5.2, Grok 4.1 Fast"
Google,Gemini 3 Flash,2025-12-17,https://vertu.com/lifestyle/gemini-3-flash-vs-gemini-2-5-pro-the-flash-model-that-beats-googles-pro,secondary,main,τ2-bench,,Gemini 3 Flash,90.2%,"Official table (blog + evaluation PDF) is an image; benchmark list confirmed by official methodology text; scores transcribed by vertu.com (cross-checked: HLE, ARC-AGI-2, MMMU-Pro, CharXiv, MRCR values match the Gemini 3 Flash column of the official Gemini 3.5 Flash model card). Compared with Gemini 3 Pro, 2.5 Flash, 2.5 Pro, Claude Sonnet 4.5, GPT-5.2, Grok 4.1 Fast"
Google,Gemini 3 Flash,2025-12-17,https://vertu.com/lifestyle/gemini-3-flash-vs-gemini-2-5-pro-the-flash-model-that-beats-googles-pro,secondary,main,Toolathlon,,Gemini 3 Flash,49.4%,"Official table (blog + evaluation PDF) is an image; benchmark list confirmed by official methodology text; scores transcribed by vertu.com (cross-checked: HLE, ARC-AGI-2, MMMU-Pro, CharXiv, MRCR values match the Gemini 3 Flash column of the official Gemini 3.5 Flash model card). Compared with Gemini 3 Pro, 2.5 Flash, 2.5 Pro, Claude Sonnet 4.5, GPT-5.2, Grok 4.1 Fast"
Google,Gemini 3 Flash,2025-12-17,https://vertu.com/lifestyle/gemini-3-flash-vs-gemini-2-5-pro-the-flash-model-that-beats-googles-pro,secondary,main,MCP Atlas,,Gemini 3 Flash,57.4%,"Official table (blog + evaluation PDF) is an image; benchmark list confirmed by official methodology text; scores transcribed by vertu.com (cross-checked: HLE, ARC-AGI-2, MMMU-Pro, CharXiv, MRCR values match the Gemini 3 Flash column of the official Gemini 3.5 Flash model card). Compared with Gemini 3 Pro, 2.5 Flash, 2.5 Pro, Claude Sonnet 4.5, GPT-5.2, Grok 4.1 Fast"
Google,Gemini 3 Flash,2025-12-17,https://vertu.com/lifestyle/gemini-3-flash-vs-gemini-2-5-pro-the-flash-model-that-beats-googles-pro,secondary,main,Vending-Bench 2,net worth (USD),Gemini 3 Flash,"$3,635","Official table (blog + evaluation PDF) is an image; benchmark list confirmed by official methodology text; scores transcribed by vertu.com (cross-checked: HLE, ARC-AGI-2, MMMU-Pro, CharXiv, MRCR values match the Gemini 3 Flash column of the official Gemini 3.5 Flash model card). Compared with Gemini 3 Pro, 2.5 Flash, 2.5 Pro, Claude Sonnet 4.5, GPT-5.2, Grok 4.1 Fast"
Google,Gemini 3 Flash,2025-12-17,https://storage.googleapis.com/deepmind-media/gemini/gemini_3_flash_model_evaluation.pdf,model_card,main,FACTS Benchmark Suite,,Gemini 3 Flash,,Listed in official methodology; score not available in text
Google,Gemini 3 Flash,2025-12-17,https://vertu.com/lifestyle/gemini-3-flash-vs-gemini-2-5-pro-the-flash-model-that-beats-googles-pro,secondary,main,SimpleQA Verified,,Gemini 3 Flash,68.7%,"Official table (blog + evaluation PDF) is an image; benchmark list confirmed by official methodology text; scores transcribed by vertu.com (cross-checked: HLE, ARC-AGI-2, MMMU-Pro, CharXiv, MRCR values match the Gemini 3 Flash column of the official Gemini 3.5 Flash model card). Compared with Gemini 3 Pro, 2.5 Flash, 2.5 Pro, Claude Sonnet 4.5, GPT-5.2, Grok 4.1 Fast"
Google,Gemini 3 Flash,2025-12-17,https://vertu.com/lifestyle/gemini-3-flash-vs-gemini-2-5-pro-the-flash-model-that-beats-googles-pro,secondary,main,MMMLU,,Gemini 3 Flash,91.8%,"Official table (blog + evaluation PDF) is an image; benchmark list confirmed by official methodology text; scores transcribed by vertu.com (cross-checked: HLE, ARC-AGI-2, MMMU-Pro, CharXiv, MRCR values match the Gemini 3 Flash column of the official Gemini 3.5 Flash model card). Compared with Gemini 3 Pro, 2.5 Flash, 2.5 Pro, Claude Sonnet 4.5, GPT-5.2, Grok 4.1 Fast"
Google,Gemini 3 Flash,2025-12-17,https://vertu.com/lifestyle/gemini-3-flash-vs-gemini-2-5-pro-the-flash-model-that-beats-googles-pro,secondary,main,Global PIQA,,Gemini 3 Flash,92.8%,"Official table (blog + evaluation PDF) is an image; benchmark list confirmed by official methodology text; scores transcribed by vertu.com (cross-checked: HLE, ARC-AGI-2, MMMU-Pro, CharXiv, MRCR values match the Gemini 3 Flash column of the official Gemini 3.5 Flash model card). Compared with Gemini 3 Pro, 2.5 Flash, 2.5 Pro, Claude Sonnet 4.5, GPT-5.2, Grok 4.1 Fast"
Google,Gemini 3 Flash,2025-12-17,https://vertu.com/lifestyle/gemini-3-flash-vs-gemini-2-5-pro-the-flash-model-that-beats-googles-pro,secondary,main,MRCR v2 (8-needle),128k (average),Gemini 3 Flash,67.2%,"Official table (blog + evaluation PDF) is an image; benchmark list confirmed by official methodology text; scores transcribed by vertu.com (cross-checked: HLE, ARC-AGI-2, MMMU-Pro, CharXiv, MRCR values match the Gemini 3 Flash column of the official Gemini 3.5 Flash model card). Compared with Gemini 3 Pro, 2.5 Flash, 2.5 Pro, Claude Sonnet 4.5, GPT-5.2, Grok 4.1 Fast"
Google,Gemini 3 Flash,2025-12-17,https://vertu.com/lifestyle/gemini-3-flash-vs-gemini-2-5-pro-the-flash-model-that-beats-googles-pro,secondary,main,MRCR v2 (8-needle),1M (pointwise),Gemini 3 Flash,22.1%,"Official table (blog + evaluation PDF) is an image; benchmark list confirmed by official methodology text; scores transcribed by vertu.com (cross-checked: HLE, ARC-AGI-2, MMMU-Pro, CharXiv, MRCR values match the Gemini 3 Flash column of the official Gemini 3.5 Flash model card). Compared with Gemini 3 Pro, 2.5 Flash, 2.5 Pro, Claude Sonnet 4.5, GPT-5.2, Grok 4.1 Fast"
Google,Gemini 3 Flash,2025-12-17,https://blog.google/products-and-platforms/products/gemini/gemini-3-flash/,blog,main,LMArena,Elo (Pareto chart),Gemini 3 Flash,,Blog chart: performance measured by LMArena Elo score
Google,Gemini 3 Deep Think (upgrade),2026-02-12,https://deepmind.google/models/gemini/deep-think/,model_card,main,ARC-AGI-2,ARC Prize verified,Gemini 3 Deep Think (Feb 2026 upgrade),84.6%,"DeepMind Deep Think page text table (column ""Feb 2026""; page now titled Gemini 3.1 Deep Think); blog table is an image. Compared with Gemini 3 Pro Preview, Opus 4.6, GPT-5.2"
Google,Gemini 3 Deep Think (upgrade),2026-02-12,https://deepmind.google/models/gemini/deep-think/,model_card,main,Humanity's Last Exam,"full set, text + MM; no tools",Gemini 3 Deep Think (Feb 2026 upgrade),48.4%,"DeepMind Deep Think page text table (column ""Feb 2026""; page now titled Gemini 3.1 Deep Think); blog table is an image. Compared with Gemini 3 Pro Preview, Opus 4.6, GPT-5.2"
Google,Gemini 3 Deep Think (upgrade),2026-02-12,https://deepmind.google/models/gemini/deep-think/,model_card,main,Humanity's Last Exam,search + code execution,Gemini 3 Deep Think (Feb 2026 upgrade),53.4%,"DeepMind Deep Think page text table (column ""Feb 2026""; page now titled Gemini 3.1 Deep Think); blog table is an image. Compared with Gemini 3 Pro Preview, Opus 4.6, GPT-5.2"
Google,Gemini 3 Deep Think (upgrade),2026-02-12,https://deepmind.google/models/gemini/deep-think/,model_card,main,MMMU-Pro,no tools,Gemini 3 Deep Think (Feb 2026 upgrade),81.5%,"DeepMind Deep Think page text table (column ""Feb 2026""; page now titled Gemini 3.1 Deep Think); blog table is an image. Compared with Gemini 3 Pro Preview, Opus 4.6, GPT-5.2"
Google,Gemini 3 Deep Think (upgrade),2026-02-12,https://deepmind.google/models/gemini/deep-think/,model_card,main,International Math Olympiad 2025,,Gemini 3 Deep Think (Feb 2026 upgrade),81.5%,"DeepMind Deep Think page text table (column ""Feb 2026""; page now titled Gemini 3.1 Deep Think); blog table is an image. Compared with Gemini 3 Pro Preview, Opus 4.6, GPT-5.2"
Google,Gemini 3 Deep Think (upgrade),2026-02-12,https://deepmind.google/models/gemini/deep-think/,model_card,main,Codeforces,"no tools, Elo",Gemini 3 Deep Think (Feb 2026 upgrade),3455,"DeepMind Deep Think page text table (column ""Feb 2026""; page now titled Gemini 3.1 Deep Think); blog table is an image. Compared with Gemini 3 Pro Preview, Opus 4.6, GPT-5.2"
Google,Gemini 3 Deep Think (upgrade),2026-02-12,https://deepmind.google/models/gemini/deep-think/,model_card,main,International Physics Olympiad 2025,theory,Gemini 3 Deep Think (Feb 2026 upgrade),87.7%,"DeepMind Deep Think page text table (column ""Feb 2026""; page now titled Gemini 3.1 Deep Think); blog table is an image. Compared with Gemini 3 Pro Preview, Opus 4.6, GPT-5.2"
Google,Gemini 3 Deep Think (upgrade),2026-02-12,https://deepmind.google/models/gemini/deep-think/,model_card,main,CMT-Benchmark,condensed matter theory,Gemini 3 Deep Think (Feb 2026 upgrade),50.5%,"DeepMind Deep Think page text table (column ""Feb 2026""; page now titled Gemini 3.1 Deep Think); blog table is an image. Compared with Gemini 3 Pro Preview, Opus 4.6, GPT-5.2"
Google,Gemini 3 Deep Think (upgrade),2026-02-12,https://deepmind.google/models/gemini/deep-think/,model_card,main,International Chemistry Olympiad 2025,theory,Gemini 3 Deep Think (Feb 2026 upgrade),82.8%,"DeepMind Deep Think page text table (column ""Feb 2026""; page now titled Gemini 3.1 Deep Think); blog table is an image. Compared with Gemini 3 Pro Preview, Opus 4.6, GPT-5.2"
Google,Gemini 3.1 Pro,2026-02-19,https://deepmind.google/models/model-cards/gemini-3-1-pro/,model_card,main,Humanity's Last Exam,no tools,Gemini 3.1 Pro Thinking (High),44.4%,"Gemini 3.1 Pro model card text table; Gemini 3.1 Pro Thinking (High); compared with Gemini 3 Pro, Sonnet 4.6, Opus 4.6, GPT-5.2, GPT-5.3-Codex"
Google,Gemini 3.1 Pro,2026-02-19,https://deepmind.google/models/model-cards/gemini-3-1-pro/,model_card,main,Humanity's Last Exam,search (blocklist) + code,Gemini 3.1 Pro Thinking (High),51.4%,"Gemini 3.1 Pro model card text table; Gemini 3.1 Pro Thinking (High); compared with Gemini 3 Pro, Sonnet 4.6, Opus 4.6, GPT-5.2, GPT-5.3-Codex"
Google,Gemini 3.1 Pro,2026-02-19,https://deepmind.google/models/model-cards/gemini-3-1-pro/,model_card,main,ARC-AGI-2,ARC Prize Verified,Gemini 3.1 Pro Thinking (High),77.1%,"Gemini 3.1 Pro model card text table; Gemini 3.1 Pro Thinking (High); compared with Gemini 3 Pro, Sonnet 4.6, Opus 4.6, GPT-5.2, GPT-5.3-Codex"
Google,Gemini 3.1 Pro,2026-02-19,https://deepmind.google/models/model-cards/gemini-3-1-pro/,model_card,main,GPQA Diamond,no tools,Gemini 3.1 Pro Thinking (High),94.3%,"Gemini 3.1 Pro model card text table; Gemini 3.1 Pro Thinking (High); compared with Gemini 3 Pro, Sonnet 4.6, Opus 4.6, GPT-5.2, GPT-5.3-Codex"
Google,Gemini 3.1 Pro,2026-02-19,https://deepmind.google/models/model-cards/gemini-3-1-pro/,model_card,main,Terminal-Bench 2.0,Terminus-2 harness,Gemini 3.1 Pro Thinking (High),68.5%,"Gemini 3.1 Pro model card text table; Gemini 3.1 Pro Thinking (High); compared with Gemini 3 Pro, Sonnet 4.6, Opus 4.6, GPT-5.2, GPT-5.3-Codex"
Google,Gemini 3.1 Pro,2026-02-19,https://deepmind.google/models/model-cards/gemini-3-1-pro/,model_card,main,SWE-Bench Verified,single attempt,Gemini 3.1 Pro Thinking (High),80.6%,"Gemini 3.1 Pro model card text table; Gemini 3.1 Pro Thinking (High); compared with Gemini 3 Pro, Sonnet 4.6, Opus 4.6, GPT-5.2, GPT-5.3-Codex"
Google,Gemini 3.1 Pro,2026-02-19,https://deepmind.google/models/model-cards/gemini-3-1-pro/,model_card,main,SWE-Bench Pro (Public),single attempt,Gemini 3.1 Pro Thinking (High),54.2%,"Gemini 3.1 Pro model card text table; Gemini 3.1 Pro Thinking (High); compared with Gemini 3 Pro, Sonnet 4.6, Opus 4.6, GPT-5.2, GPT-5.3-Codex"
Google,Gemini 3.1 Pro,2026-02-19,https://deepmind.google/models/model-cards/gemini-3-1-pro/,model_card,main,LiveCodeBench Pro,Elo,Gemini 3.1 Pro Thinking (High),2887,"Gemini 3.1 Pro model card text table; Gemini 3.1 Pro Thinking (High); compared with Gemini 3 Pro, Sonnet 4.6, Opus 4.6, GPT-5.2, GPT-5.3-Codex"
Google,Gemini 3.1 Pro,2026-02-19,https://deepmind.google/models/model-cards/gemini-3-1-pro/,model_card,main,SciCode,,Gemini 3.1 Pro Thinking (High),59%,"Gemini 3.1 Pro model card text table; Gemini 3.1 Pro Thinking (High); compared with Gemini 3 Pro, Sonnet 4.6, Opus 4.6, GPT-5.2, GPT-5.3-Codex"
Google,Gemini 3.1 Pro,2026-02-19,https://deepmind.google/models/model-cards/gemini-3-1-pro/,model_card,main,APEX-Agents,,Gemini 3.1 Pro Thinking (High),33.5%,"Gemini 3.1 Pro model card text table; Gemini 3.1 Pro Thinking (High); compared with Gemini 3 Pro, Sonnet 4.6, Opus 4.6, GPT-5.2, GPT-5.3-Codex"
Google,Gemini 3.1 Pro,2026-02-19,https://deepmind.google/models/model-cards/gemini-3-1-pro/,model_card,main,GDPval-AA,Elo,Gemini 3.1 Pro Thinking (High),1317,"Gemini 3.1 Pro model card text table; Gemini 3.1 Pro Thinking (High); compared with Gemini 3 Pro, Sonnet 4.6, Opus 4.6, GPT-5.2, GPT-5.3-Codex"
Google,Gemini 3.1 Pro,2026-02-19,https://deepmind.google/models/model-cards/gemini-3-1-pro/,model_card,main,τ2-bench,Retail,Gemini 3.1 Pro Thinking (High),90.8%,"Gemini 3.1 Pro model card text table; Gemini 3.1 Pro Thinking (High); compared with Gemini 3 Pro, Sonnet 4.6, Opus 4.6, GPT-5.2, GPT-5.3-Codex"
Google,Gemini 3.1 Pro,2026-02-19,https://deepmind.google/models/model-cards/gemini-3-1-pro/,model_card,main,τ2-bench,Telecom,Gemini 3.1 Pro Thinking (High),99.3%,"Gemini 3.1 Pro model card text table; Gemini 3.1 Pro Thinking (High); compared with Gemini 3 Pro, Sonnet 4.6, Opus 4.6, GPT-5.2, GPT-5.3-Codex"
Google,Gemini 3.1 Pro,2026-02-19,https://deepmind.google/models/model-cards/gemini-3-1-pro/,model_card,main,MCP Atlas,,Gemini 3.1 Pro Thinking (High),69.2%,"Gemini 3.1 Pro model card text table; Gemini 3.1 Pro Thinking (High); compared with Gemini 3 Pro, Sonnet 4.6, Opus 4.6, GPT-5.2, GPT-5.3-Codex"
Google,Gemini 3.1 Pro,2026-02-19,https://deepmind.google/models/model-cards/gemini-3-1-pro/,model_card,main,BrowseComp,Search + Python + Browse,Gemini 3.1 Pro Thinking (High),85.9%,"Gemini 3.1 Pro model card text table; Gemini 3.1 Pro Thinking (High); compared with Gemini 3 Pro, Sonnet 4.6, Opus 4.6, GPT-5.2, GPT-5.3-Codex"
Google,Gemini 3.1 Pro,2026-02-19,https://deepmind.google/models/model-cards/gemini-3-1-pro/,model_card,main,MMMU-Pro,no tools,Gemini 3.1 Pro Thinking (High),80.5%,"Gemini 3.1 Pro model card text table; Gemini 3.1 Pro Thinking (High); compared with Gemini 3 Pro, Sonnet 4.6, Opus 4.6, GPT-5.2, GPT-5.3-Codex"
Google,Gemini 3.1 Pro,2026-02-19,https://deepmind.google/models/model-cards/gemini-3-1-pro/,model_card,main,MMMLU,,Gemini 3.1 Pro Thinking (High),92.6%,"Gemini 3.1 Pro model card text table; Gemini 3.1 Pro Thinking (High); compared with Gemini 3 Pro, Sonnet 4.6, Opus 4.6, GPT-5.2, GPT-5.3-Codex"
Google,Gemini 3.1 Pro,2026-02-19,https://deepmind.google/models/model-cards/gemini-3-1-pro/,model_card,main,MRCR v2 (8-needle),128k (average),Gemini 3.1 Pro Thinking (High),84.9%,"Gemini 3.1 Pro model card text table; Gemini 3.1 Pro Thinking (High); compared with Gemini 3 Pro, Sonnet 4.6, Opus 4.6, GPT-5.2, GPT-5.3-Codex"
Google,Gemini 3.1 Pro,2026-02-19,https://deepmind.google/models/model-cards/gemini-3-1-pro/,model_card,main,MRCR v2 (8-needle),1M (pointwise),Gemini 3.1 Pro Thinking (High),26.3%,"Gemini 3.1 Pro model card text table; Gemini 3.1 Pro Thinking (High); compared with Gemini 3 Pro, Sonnet 4.6, Opus 4.6, GPT-5.2, GPT-5.3-Codex"
Google,Gemini 3.1 Flash-Lite,2026-03-03,https://deepmind.google/models/model-cards/gemini-3-1-flash-lite/,model_card,main,Humanity's Last Exam,"full set, text + MM; no tools",Gemini 3.1 Flash-Lite (High),16.0%,"Gemini 3.1 Flash-Lite model card text table (thinking High); compared with 2.5 Flash, 2.5 Flash-Lite, GPT-5 mini, Claude 4.5 Haiku, Grok 4.1 Fast"
Google,Gemini 3.1 Flash-Lite,2026-03-03,https://deepmind.google/models/model-cards/gemini-3-1-flash-lite/,model_card,main,GPQA Diamond,no tools,Gemini 3.1 Flash-Lite (High),86.9%,"Gemini 3.1 Flash-Lite model card text table (thinking High); compared with 2.5 Flash, 2.5 Flash-Lite, GPT-5 mini, Claude 4.5 Haiku, Grok 4.1 Fast"
Google,Gemini 3.1 Flash-Lite,2026-03-03,https://deepmind.google/models/model-cards/gemini-3-1-flash-lite/,model_card,main,MMMU-Pro,no tools,Gemini 3.1 Flash-Lite (High),76.8%,"Gemini 3.1 Flash-Lite model card text table (thinking High); compared with 2.5 Flash, 2.5 Flash-Lite, GPT-5 mini, Claude 4.5 Haiku, Grok 4.1 Fast"
Google,Gemini 3.1 Flash-Lite,2026-03-03,https://deepmind.google/models/model-cards/gemini-3-1-flash-lite/,model_card,main,CharXiv Reasoning,,Gemini 3.1 Flash-Lite (High),73.2%,"Gemini 3.1 Flash-Lite model card text table (thinking High); compared with 2.5 Flash, 2.5 Flash-Lite, GPT-5 mini, Claude 4.5 Haiku, Grok 4.1 Fast"
Google,Gemini 3.1 Flash-Lite,2026-03-03,https://deepmind.google/models/model-cards/gemini-3-1-flash-lite/,model_card,main,Video-MMMU,,Gemini 3.1 Flash-Lite (High),84.8%,"Gemini 3.1 Flash-Lite model card text table (thinking High); compared with 2.5 Flash, 2.5 Flash-Lite, GPT-5 mini, Claude 4.5 Haiku, Grok 4.1 Fast"
Google,Gemini 3.1 Flash-Lite,2026-03-03,https://deepmind.google/models/model-cards/gemini-3-1-flash-lite/,model_card,main,SimpleQA Verified,,Gemini 3.1 Flash-Lite (High),43.3%,"Gemini 3.1 Flash-Lite model card text table (thinking High); compared with 2.5 Flash, 2.5 Flash-Lite, GPT-5 mini, Claude 4.5 Haiku, Grok 4.1 Fast"
Google,Gemini 3.1 Flash-Lite,2026-03-03,https://deepmind.google/models/model-cards/gemini-3-1-flash-lite/,model_card,main,FACTS Benchmark Suite,,Gemini 3.1 Flash-Lite (High),40.6%,"Gemini 3.1 Flash-Lite model card text table (thinking High); compared with 2.5 Flash, 2.5 Flash-Lite, GPT-5 mini, Claude 4.5 Haiku, Grok 4.1 Fast"
Google,Gemini 3.1 Flash-Lite,2026-03-03,https://deepmind.google/models/model-cards/gemini-3-1-flash-lite/,model_card,main,MMMLU,,Gemini 3.1 Flash-Lite (High),88.9%,"Gemini 3.1 Flash-Lite model card text table (thinking High); compared with 2.5 Flash, 2.5 Flash-Lite, GPT-5 mini, Claude 4.5 Haiku, Grok 4.1 Fast"
Google,Gemini 3.1 Flash-Lite,2026-03-03,https://deepmind.google/models/model-cards/gemini-3-1-flash-lite/,model_card,main,LiveCodeBench,UI: 1/1/2025-5/1/2025,Gemini 3.1 Flash-Lite (High),72.0%,"Gemini 3.1 Flash-Lite model card text table (thinking High); compared with 2.5 Flash, 2.5 Flash-Lite, GPT-5 mini, Claude 4.5 Haiku, Grok 4.1 Fast"
Google,Gemini 3.1 Flash-Lite,2026-03-03,https://deepmind.google/models/model-cards/gemini-3-1-flash-lite/,model_card,main,MRCR v2 (8-needle),128k (average),Gemini 3.1 Flash-Lite (High),60.1%,"Gemini 3.1 Flash-Lite model card text table (thinking High); compared with 2.5 Flash, 2.5 Flash-Lite, GPT-5 mini, Claude 4.5 Haiku, Grok 4.1 Fast"
Google,Gemini 3.1 Flash-Lite,2026-03-03,https://deepmind.google/models/model-cards/gemini-3-1-flash-lite/,model_card,main,MRCR v2 (8-needle),1M (pointwise),Gemini 3.1 Flash-Lite (High),12.3%,"Gemini 3.1 Flash-Lite model card text table (thinking High); compared with 2.5 Flash, 2.5 Flash-Lite, GPT-5 mini, Claude 4.5 Haiku, Grok 4.1 Fast"
Google,Gemini 3.5 Flash,2026-05-19,https://deepmind.google/models/model-cards/gemini-3-5-flash/,model_card,main,Terminal-bench 2.1,Terminus-2 harness,Gemini 3.5 Flash,76.2%,"Gemini 3.5 Flash model card text table; compared with Gemini 3 Flash, Gemini 3.1 Pro, Claude Sonnet 4.6, Claude Opus 4.7, GPT-5.5"
Google,Gemini 3.5 Flash,2026-05-19,https://deepmind.google/models/model-cards/gemini-3-5-flash/,model_card,main,SWE-Bench Pro (Public),single attempt,Gemini 3.5 Flash,55.1%,"Gemini 3.5 Flash model card text table; compared with Gemini 3 Flash, Gemini 3.1 Pro, Claude Sonnet 4.6, Claude Opus 4.7, GPT-5.5"
Google,Gemini 3.5 Flash,2026-05-19,https://deepmind.google/models/model-cards/gemini-3-5-flash/,model_card,main,MCP Atlas,,Gemini 3.5 Flash,83.6%,"Gemini 3.5 Flash model card text table; compared with Gemini 3 Flash, Gemini 3.1 Pro, Claude Sonnet 4.6, Claude Opus 4.7, GPT-5.5"
Google,Gemini 3.5 Flash,2026-05-19,https://deepmind.google/models/model-cards/gemini-3-5-flash/,model_card,main,Toolathlon,,Gemini 3.5 Flash,56.5%,"Gemini 3.5 Flash model card text table; compared with Gemini 3 Flash, Gemini 3.1 Pro, Claude Sonnet 4.6, Claude Opus 4.7, GPT-5.5"
Google,Gemini 3.5 Flash,2026-05-19,https://deepmind.google/models/model-cards/gemini-3-5-flash/,model_card,main,OSWorld-Verified,,Gemini 3.5 Flash,78.4%,"Gemini 3.5 Flash model card text table; compared with Gemini 3 Flash, Gemini 3.1 Pro, Claude Sonnet 4.6, Claude Opus 4.7, GPT-5.5"
Google,Gemini 3.5 Flash,2026-05-19,https://deepmind.google/models/model-cards/gemini-3-5-flash/,model_card,main,Finance Agent v2,,Gemini 3.5 Flash,57.9%,"Gemini 3.5 Flash model card text table; compared with Gemini 3 Flash, Gemini 3.1 Pro, Claude Sonnet 4.6, Claude Opus 4.7, GPT-5.5"
Google,Gemini 3.5 Flash,2026-05-19,https://deepmind.google/models/model-cards/gemini-3-5-flash/,model_card,main,GDPval-AA,Elo,Gemini 3.5 Flash,1656,"Gemini 3.5 Flash model card text table; compared with Gemini 3 Flash, Gemini 3.1 Pro, Claude Sonnet 4.6, Claude Opus 4.7, GPT-5.5"
Google,Gemini 3.5 Flash,2026-05-19,https://deepmind.google/models/model-cards/gemini-3-5-flash/,model_card,main,CharXiv Reasoning,no tools,Gemini 3.5 Flash,84.2%,"Gemini 3.5 Flash model card text table; compared with Gemini 3 Flash, Gemini 3.1 Pro, Claude Sonnet 4.6, Claude Opus 4.7, GPT-5.5"
Google,Gemini 3.5 Flash,2026-05-19,https://deepmind.google/models/model-cards/gemini-3-5-flash/,model_card,main,MMMU-Pro,no tools,Gemini 3.5 Flash,83.6%,"Gemini 3.5 Flash model card text table; compared with Gemini 3 Flash, Gemini 3.1 Pro, Claude Sonnet 4.6, Claude Opus 4.7, GPT-5.5"
Google,Gemini 3.5 Flash,2026-05-19,https://deepmind.google/models/model-cards/gemini-3-5-flash/,model_card,main,Blueprint-Bench 2,normalized score,Gemini 3.5 Flash,33.6%,"Gemini 3.5 Flash model card text table; compared with Gemini 3 Flash, Gemini 3.1 Pro, Claude Sonnet 4.6, Claude Opus 4.7, GPT-5.5"
Google,Gemini 3.5 Flash,2026-05-19,https://deepmind.google/models/model-cards/gemini-3-5-flash/,model_card,main,MRCR v2 (8-needle),128k (average),Gemini 3.5 Flash,77.3%,"Gemini 3.5 Flash model card text table; compared with Gemini 3 Flash, Gemini 3.1 Pro, Claude Sonnet 4.6, Claude Opus 4.7, GPT-5.5"
Google,Gemini 3.5 Flash,2026-05-19,https://deepmind.google/models/model-cards/gemini-3-5-flash/,model_card,main,MRCR v2 (8-needle),1M (pointwise),Gemini 3.5 Flash,26.6%,"Gemini 3.5 Flash model card text table; compared with Gemini 3 Flash, Gemini 3.1 Pro, Claude Sonnet 4.6, Claude Opus 4.7, GPT-5.5"
Google,Gemini 3.5 Flash,2026-05-19,https://deepmind.google/models/model-cards/gemini-3-5-flash/,model_card,main,Humanity's Last Exam,"full set, text + MM",Gemini 3.5 Flash,40.2%,"Gemini 3.5 Flash model card text table; compared with Gemini 3 Flash, Gemini 3.1 Pro, Claude Sonnet 4.6, Claude Opus 4.7, GPT-5.5"
Google,Gemini 3.5 Flash,2026-05-19,https://deepmind.google/models/model-cards/gemini-3-5-flash/,model_card,main,ARC-AGI-2,"ARC Prize Verified, semi-private",Gemini 3.5 Flash,72.1%,"Gemini 3.5 Flash model card text table; compared with Gemini 3 Flash, Gemini 3.1 Pro, Claude Sonnet 4.6, Claude Opus 4.7, GPT-5.5"
Google,Gemini 3.5 Flash-Lite,2026-07-21,https://deepmind.google/models/gemini/flash-lite/,model_card,main,SWE-Bench Pro (Public),,Gemini 3.5 Flash-Lite,54.2%,"Text table on deepmind.google Flash-Lite model page (model card PDF table is an image); compared with Gemini 3.1 Flash-Lite, GPT-5.4 mini, Claude Haiku 4.5"
Google,Gemini 3.5 Flash-Lite,2026-07-21,https://deepmind.google/models/gemini/flash-lite/,model_card,main,Terminal-bench 2.1,Terminus-2 harness,Gemini 3.5 Flash-Lite,54.0%,"Text table on deepmind.google Flash-Lite model page (model card PDF table is an image); compared with Gemini 3.1 Flash-Lite, GPT-5.4 mini, Claude Haiku 4.5"
Google,Gemini 3.5 Flash-Lite,2026-07-21,https://deepmind.google/models/gemini/flash-lite/,model_card,main,MLE-Bench,,Gemini 3.5 Flash-Lite,39.2%,"Text table on deepmind.google Flash-Lite model page (model card PDF table is an image); compared with Gemini 3.1 Flash-Lite, GPT-5.4 mini, Claude Haiku 4.5"
Google,Gemini 3.5 Flash-Lite,2026-07-21,https://deepmind.google/models/gemini/flash-lite/,model_card,main,GDPVal-AA v2,Elo,Gemini 3.5 Flash-Lite,1140,"Text table on deepmind.google Flash-Lite model page (model card PDF table is an image); compared with Gemini 3.1 Flash-Lite, GPT-5.4 mini, Claude Haiku 4.5"
Google,Gemini 3.5 Flash-Lite,2026-07-21,https://deepmind.google/models/gemini/flash-lite/,model_card,main,OSWorld-Verified,,Gemini 3.5 Flash-Lite,74.0%,"Text table on deepmind.google Flash-Lite model page (model card PDF table is an image); compared with Gemini 3.1 Flash-Lite, GPT-5.4 mini, Claude Haiku 4.5"
Google,Gemini 3.5 Flash-Lite,2026-07-21,https://deepmind.google/models/gemini/flash-lite/,model_card,main,CharXiv Reasoning,no tools,Gemini 3.5 Flash-Lite,74.5%,"Text table on deepmind.google Flash-Lite model page (model card PDF table is an image); compared with Gemini 3.1 Flash-Lite, GPT-5.4 mini, Claude Haiku 4.5"
Google,Gemini 3.5 Flash-Lite,2026-07-21,https://deepmind.google/models/gemini/flash-lite/,model_card,main,CharXiv Reasoning,with tools,Gemini 3.5 Flash-Lite,76.5%,"Text table on deepmind.google Flash-Lite model page (model card PDF table is an image); compared with Gemini 3.1 Flash-Lite, GPT-5.4 mini, Claude Haiku 4.5"
Google,Gemini 3.5 Flash-Lite,2026-07-21,https://deepmind.google/models/gemini/flash-lite/,model_card,main,GDM-MRCR v2 (8-needle),128k (average),Gemini 3.5 Flash-Lite,72.2%,"Text table on deepmind.google Flash-Lite model page (model card PDF table is an image); compared with Gemini 3.1 Flash-Lite, GPT-5.4 mini, Claude Haiku 4.5"
Google,Gemini 3.5 Flash-Lite,2026-07-21,https://deepmind.google/models/gemini/flash-lite/,model_card,main,GDM-MRCR v2 (8-needle),1M (pointwise),Gemini 3.5 Flash-Lite,21.3%,"Text table on deepmind.google Flash-Lite model page (model card PDF table is an image); compared with Gemini 3.1 Flash-Lite, GPT-5.4 mini, Claude Haiku 4.5"
Google,Gemini 3.6 Flash,2026-07-21,https://officechai.com/ai/gemini-3-6-flash-benchmarks/,secondary,main,SWE-Bench Pro,,Gemini 3.6 Flash,58.7%,Model-card/evaluation-PDF results table is an image; benchmark list from official methodology text; score from officechai.com transcription
Google,Gemini 3.6 Flash,2026-07-21,https://blog.google/innovation-and-ai/models-and-research/gemini-models/gemini-3-6-flash-3-5-flash-lite-3-5-flash-cyber/,blog,main,DeepSWE v1.1,Datacurve,Gemini 3.6 Flash,49%,Model-card/evaluation-PDF results table is an image; benchmark list from official methodology text; score from launch blog text (Gemini 3.7 Flash card later lists 48.6%)
Google,Gemini 3.6 Flash,2026-07-21,https://officechai.com/ai/gemini-3-6-flash-benchmarks/,secondary,main,Terminal-Bench 2.1,Terminus-2 harness,Gemini 3.6 Flash,78.0%,Model-card/evaluation-PDF results table is an image; benchmark list from official methodology text; score from officechai.com (same value in Gemini 3.7 Flash card)
Google,Gemini 3.6 Flash,2026-07-21,https://blog.google/innovation-and-ai/models-and-research/gemini-models/gemini-3-6-flash-3-5-flash-lite-3-5-flash-cyber/,blog,main,MLE-Bench,MLE-bench Partial 30 subset,Gemini 3.6 Flash,63.9%,Model-card/evaluation-PDF results table is an image; benchmark list from official methodology text; score from launch blog text
Google,Gemini 3.6 Flash,2026-07-21,https://blog.google/innovation-and-ai/models-and-research/gemini-models/gemini-3-6-flash-3-5-flash-lite-3-5-flash-cyber/,blog,main,GDPVal-AA v2,Elo,Gemini 3.6 Flash,1421,Model-card/evaluation-PDF results table is an image; benchmark list from official methodology text; score from launch blog text
Google,Gemini 3.6 Flash,2026-07-21,https://blog.google/innovation-and-ai/models-and-research/gemini-models/gemini-3-6-flash-3-5-flash-lite-3-5-flash-cyber/,blog,main,OSWorld-Verified,avg of 5 runs,Gemini 3.6 Flash,83.0%,Model-card/evaluation-PDF results table is an image; benchmark list from official methodology text; score from launch blog text
Google,Gemini 3.6 Flash,2026-07-21,https://deepmind.google/models/model-cards/gemini-3-7-flash/,model_card,main,CharXiv Reasoning,no tools,Gemini 3.6 Flash,85.2%,Model-card/evaluation-PDF results table is an image; benchmark list from official methodology text; value as reported in the Gemini 3.7 Flash model card comparison column
Google,Gemini 3.6 Flash,2026-07-21,https://deepmind.google/models/model-cards/gemini-3-7-flash/,model_card,main,CharXiv Reasoning,with tools,Gemini 3.6 Flash,89.4%,Model-card/evaluation-PDF results table is an image; benchmark list from official methodology text; value as reported in the Gemini 3.7 Flash model card comparison column
Google,Gemini 3.6 Flash,2026-07-21,https://deepmind.google/models/model-cards/gemini-3-7-flash/,model_card,main,GDM-MRCR v2 (8-needle),128k (average),Gemini 3.6 Flash,91.8%,Model-card/evaluation-PDF results table is an image; benchmark list from official methodology text; value as reported in the Gemini 3.7 Flash model card comparison column
Google,Gemini 3.6 Flash,2026-07-21,https://officechai.com/ai/gemini-3-6-flash-benchmarks/,secondary,main,GDM-MRCR v2 (8-needle),1M (pointwise),Gemini 3.6 Flash,54.0%,Model-card/evaluation-PDF results table is an image; benchmark list from official methodology text; score from officechai.com transcription
Google,Gemini 3.7 Flash,2026-08-13,https://deepmind.google/models/model-cards/gemini-3-7-flash/,model_card,main,Artificial Analysis Intelligence Index,composite,Gemini 3.7 Flash,56,"Gemini 3.7 Flash model card text table; compared with Gemini 3.6 Flash, Claude Sonnet 5, GPT-5.6 Terra, Muse Spark 1.2"
Google,Gemini 3.7 Flash,2026-08-13,https://deepmind.google/models/model-cards/gemini-3-7-flash/,model_card,main,FrontierCode 1.1 Main,score,Gemini 3.7 Flash,43.6%,"Gemini 3.7 Flash model card text table; compared with Gemini 3.6 Flash, Claude Sonnet 5, GPT-5.6 Terra, Muse Spark 1.2"
Google,Gemini 3.7 Flash,2026-08-13,https://deepmind.google/models/model-cards/gemini-3-7-flash/,model_card,main,DeepSWE v1.1,"mini swe agent harness, high thinking",Gemini 3.7 Flash,65.3%,"Gemini 3.7 Flash model card text table; compared with Gemini 3.6 Flash, Claude Sonnet 5, GPT-5.6 Terra, Muse Spark 1.2"
Google,Gemini 3.7 Flash,2026-08-13,https://deepmind.google/models/model-cards/gemini-3-7-flash/,model_card,main,Code Arena,"web development, Elo",Gemini 3.7 Flash,1588,"Gemini 3.7 Flash model card text table; compared with Gemini 3.6 Flash, Claude Sonnet 5, GPT-5.6 Terra, Muse Spark 1.2; blog calls it WebDev Arena"
Google,Gemini 3.7 Flash,2026-08-13,https://deepmind.google/models/model-cards/gemini-3-7-flash/,model_card,main,Terminal-bench 2.1,,Gemini 3.7 Flash,85.8%,"Gemini 3.7 Flash model card text table; compared with Gemini 3.6 Flash, Claude Sonnet 5, GPT-5.6 Terra, Muse Spark 1.2"
Google,Gemini 3.7 Flash,2026-08-13,https://deepmind.google/models/model-cards/gemini-3-7-flash/,model_card,main,Terminal-bench 3.0,general agent capabilities,Gemini 3.7 Flash,14.9%,"Gemini 3.7 Flash model card text table; compared with Gemini 3.6 Flash, Claude Sonnet 5, GPT-5.6 Terra, Muse Spark 1.2"
Google,Gemini 3.7 Flash,2026-08-13,https://deepmind.google/models/model-cards/gemini-3-7-flash/,model_card,main,AutomationBench,private set,Gemini 3.7 Flash,30.4%,"Gemini 3.7 Flash model card text table; compared with Gemini 3.6 Flash, Claude Sonnet 5, GPT-5.6 Terra, Muse Spark 1.2"
Google,Gemini 3.7 Flash,2026-08-13,https://deepmind.google/models/model-cards/gemini-3-7-flash/,model_card,main,GDPVal-AA v2,Elo,Gemini 3.7 Flash,1525,"Gemini 3.7 Flash model card text table; compared with Gemini 3.6 Flash, Claude Sonnet 5, GPT-5.6 Terra, Muse Spark 1.2"
Google,Gemini 3.7 Flash,2026-08-13,https://deepmind.google/models/model-cards/gemini-3-7-flash/,model_card,main,Harvey LAB-AA,complex legal workflows,Gemini 3.7 Flash,90.7%,"Gemini 3.7 Flash model card text table; compared with Gemini 3.6 Flash, Claude Sonnet 5, GPT-5.6 Terra, Muse Spark 1.2"
Google,Gemini 3.7 Flash,2026-08-13,https://deepmind.google/models/model-cards/gemini-3-7-flash/,model_card,main,GDP.pdf,expert PDF document comprehension,Gemini 3.7 Flash,34.0%,"Gemini 3.7 Flash model card text table; compared with Gemini 3.6 Flash, Claude Sonnet 5, GPT-5.6 Terra, Muse Spark 1.2"
Google,Gemini 3.7 Flash,2026-08-13,https://deepmind.google/models/model-cards/gemini-3-7-flash/,model_card,main,CharXiv Reasoning,no tools,Gemini 3.7 Flash,84.5%,"Gemini 3.7 Flash model card text table; compared with Gemini 3.6 Flash, Claude Sonnet 5, GPT-5.6 Terra, Muse Spark 1.2"
Google,Gemini 3.7 Flash,2026-08-13,https://deepmind.google/models/model-cards/gemini-3-7-flash/,model_card,main,CharXiv Reasoning,with tools,Gemini 3.7 Flash,88.7%,"Gemini 3.7 Flash model card text table; compared with Gemini 3.6 Flash, Claude Sonnet 5, GPT-5.6 Terra, Muse Spark 1.2"
Google,Gemini 3.7 Flash,2026-08-13,https://deepmind.google/models/model-cards/gemini-3-7-flash/,model_card,main,LVBench,long video understanding,Gemini 3.7 Flash,85.4%,"Gemini 3.7 Flash model card text table; compared with Gemini 3.6 Flash, Claude Sonnet 5, GPT-5.6 Terra, Muse Spark 1.2"
Google,Gemini 3.7 Flash,2026-08-13,https://deepmind.google/models/model-cards/gemini-3-7-flash/,model_card,main,GDM-MRCR v2 (8-needle),128k (average),Gemini 3.7 Flash,97.0%,"Gemini 3.7 Flash model card text table; compared with Gemini 3.6 Flash, Claude Sonnet 5, GPT-5.6 Terra, Muse Spark 1.2"
Google,Gemini 3.7 Flash,2026-08-13,https://deepmind.google/models/model-cards/gemini-3-7-flash/,model_card,main,OSWorld-2.0,max partial score over 3 runs,Gemini 3.7 Flash,47.9%,"Gemini 3.7 Flash model card text table; compared with Gemini 3.6 Flash, Claude Sonnet 5, GPT-5.6 Terra, Muse Spark 1.2"
Google,Gemini 3.7 Flash,2026-08-13,https://deepmind.google/models/model-cards/gemini-3-7-flash/,model_card,main,Agent's Last Exam,pass rate,Gemini 3.7 Flash,26.3%,"Gemini 3.7 Flash model card text table; compared with Gemini 3.6 Flash, Claude Sonnet 5, GPT-5.6 Terra, Muse Spark 1.2"
Google,Gemini 3.7 Flash,2026-08-13,https://deepmind.google/models/model-cards/gemini-3-7-flash/,model_card,main,HLE-Verified,"1,811 items (689 uncertain excluded)",Gemini 3.7 Flash,53.6%,"Gemini 3.7 Flash model card text table; compared with Gemini 3.6 Flash, Claude Sonnet 5, GPT-5.6 Terra, Muse Spark 1.2"
Google,Gemini 3.7 Flash,2026-08-13,https://deepmind.google/models/model-cards/gemini-3-7-flash/,model_card,main,BioMysteryBench,human solvable,Gemini 3.7 Flash,87.1%,"Gemini 3.7 Flash model card text table; compared with Gemini 3.6 Flash, Claude Sonnet 5, GPT-5.6 Terra, Muse Spark 1.2"
Google,Gemini 3.7 Flash,2026-08-13,https://deepmind.google/models/model-cards/gemini-3-7-flash/,model_card,main,BioMysteryBench,human difficult,Gemini 3.7 Flash,43.5%,"Gemini 3.7 Flash model card text table; compared with Gemini 3.6 Flash, Claude Sonnet 5, GPT-5.6 Terra, Muse Spark 1.2"
Google,Gemini 3.7 Flash,2026-08-13,https://deepmind.google/models/model-cards/gemini-3-7-flash/,model_card,main,LABBench2,,Gemini 3.7 Flash,82.1%,"Gemini 3.7 Flash model card text table; compared with Gemini 3.6 Flash, Claude Sonnet 5, GPT-5.6 Terra, Muse Spark 1.2"
Google,Gemini 3.8 Flash,2026-09-02,https://deepmind.google/models/model-cards/gemini-3-8-flash,model_card,main,DeepSWE v1.1,,Gemini 3.8 Flash,73.7%,"Gemini 3.8 Flash model card text table (cross-checked); compared with Gemini 3.7 Flash, Claude Opus 5, Claude Sonnet 5, GPT-5.6 Sol, GPT-5.6 Terra"
Google,Gemini 3.8 Flash,2026-09-02,https://deepmind.google/models/model-cards/gemini-3-8-flash,model_card,main,GDPVal-AA v2,Elo,Gemini 3.8 Flash,1545,"Gemini 3.8 Flash model card text table (cross-checked); compared with Gemini 3.7 Flash, Claude Opus 5, Claude Sonnet 5, GPT-5.6 Sol, GPT-5.6 Terra"
Google,Gemini 3.8 Flash,2026-09-02,https://deepmind.google/models/model-cards/gemini-3-8-flash,model_card,main,Vals Finance Agent v2,,Gemini 3.8 Flash,61.4%,"Gemini 3.8 Flash model card text table (cross-checked); compared with Gemini 3.7 Flash, Claude Opus 5, Claude Sonnet 5, GPT-5.6 Sol, GPT-5.6 Terra"
Google,Gemini 3.8 Flash,2026-09-02,https://deepmind.google/models/model-cards/gemini-3-8-flash,model_card,main,Harvey's Legal Agent Benchmark,all pass rate,Gemini 3.8 Flash,10.0%,"Gemini 3.8 Flash model card text table (cross-checked); compared with Gemini 3.7 Flash, Claude Opus 5, Claude Sonnet 5, GPT-5.6 Sol, GPT-5.6 Terra"
Google,Gemini 3.8 Flash,2026-09-02,https://deepmind.google/models/model-cards/gemini-3-8-flash,model_card,main,Terminal-bench 2.1,,Gemini 3.8 Flash,89.4%,"Gemini 3.8 Flash model card text table (cross-checked); compared with Gemini 3.7 Flash, Claude Opus 5, Claude Sonnet 5, GPT-5.6 Sol, GPT-5.6 Terra"
Google,Gemini 3.8 Flash,2026-09-02,https://deepmind.google/models/model-cards/gemini-3-8-flash,model_card,main,Terminal-bench 4.0,general agent capabilities,Gemini 3.8 Flash,19.1%,"Gemini 3.8 Flash model card text table (cross-checked); compared with Gemini 3.7 Flash, Claude Opus 5, Claude Sonnet 5, GPT-5.6 Sol, GPT-5.6 Terra"
Google,Gemini 3.8 Flash,2026-09-02,https://deepmind.google/models/model-cards/gemini-3-8-flash,model_card,main,GDP.PDF,all pass rate,Gemini 3.8 Flash,35.0%,"Gemini 3.8 Flash model card text table (cross-checked); compared with Gemini 3.7 Flash, Claude Opus 5, Claude Sonnet 5, GPT-5.6 Sol, GPT-5.6 Terra"
Google,Gemini 3.8 Flash,2026-09-02,https://deepmind.google/models/model-cards/gemini-3-8-flash,model_card,main,CharXiv Reasoning,no tools,Gemini 3.8 Flash,86.2%,"Gemini 3.8 Flash model card text table (cross-checked); compared with Gemini 3.7 Flash, Claude Opus 5, Claude Sonnet 5, GPT-5.6 Sol, GPT-5.6 Terra"
Google,Gemini 3.8 Flash,2026-09-02,https://deepmind.google/models/model-cards/gemini-3-8-flash,model_card,main,LVBench,agentic,Gemini 3.8 Flash,87.8%,"Gemini 3.8 Flash model card text table (cross-checked); compared with Gemini 3.7 Flash, Claude Opus 5, Claude Sonnet 5, GPT-5.6 Sol, GPT-5.6 Terra"
Google,Gemini 3.8 Flash,2026-09-02,https://deepmind.google/models/model-cards/gemini-3-8-flash,model_card,main,LVBench,static,Gemini 3.8 Flash,87.1%,"Gemini 3.8 Flash model card text table (cross-checked); compared with Gemini 3.7 Flash, Claude Opus 5, Claude Sonnet 5, GPT-5.6 Sol, GPT-5.6 Terra"
Google,Gemini 3.8 Flash,2026-09-02,https://deepmind.google/models/model-cards/gemini-3-8-flash,model_card,main,HLE-Verified,,Gemini 3.8 Flash,54.9%,"Gemini 3.8 Flash model card text table (cross-checked); compared with Gemini 3.7 Flash, Claude Opus 5, Claude Sonnet 5, GPT-5.6 Sol, GPT-5.6 Terra"
Google,Gemini 3.8 Flash,2026-09-02,https://deepmind.google/models/model-cards/gemini-3-8-flash,model_card,main,OSWorld-2.0,"partial score, batch tool enabled",Gemini 3.8 Flash,59.0%,"Gemini 3.8 Flash model card text table (cross-checked); compared with Gemini 3.7 Flash, Claude Opus 5, Claude Sonnet 5, GPT-5.6 Sol, GPT-5.6 Terra"
Google,Gemini 3.8 Flash,2026-09-02,https://deepmind.google/models/model-cards/gemini-3-8-flash,model_card,main,BioMysteryBench,human solvable,Gemini 3.8 Flash,88.8%,"Gemini 3.8 Flash model card text table (cross-checked); compared with Gemini 3.7 Flash, Claude Opus 5, Claude Sonnet 5, GPT-5.6 Sol, GPT-5.6 Terra"
Google,Gemini 3.8 Flash,2026-09-02,https://deepmind.google/models/model-cards/gemini-3-8-flash,model_card,main,BioMysteryBench,human difficult,Gemini 3.8 Flash,56.5%,"Gemini 3.8 Flash model card text table (cross-checked); compared with Gemini 3.7 Flash, Claude Opus 5, Claude Sonnet 5, GPT-5.6 Sol, GPT-5.6 Terra"
Google,Gemini 3.8 Flash,2026-09-02,https://deepmind.google/models/model-cards/gemini-3-8-flash,model_card,main,LABBench2,,Gemini 3.8 Flash,86.2%,"Gemini 3.8 Flash model card text table (cross-checked); compared with Gemini 3.7 Flash, Claude Opus 5, Claude Sonnet 5, GPT-5.6 Sol, GPT-5.6 Terra"
Google,Gemini 3.8 Flash,2026-09-02,https://blog.google/innovation-and-ai/models-and-research/gemini-models/3-8-flash-and-3-8-flash-cyber/,blog,main,CWE-Bench,"patching, pass@1",Gemini 3.8 Flash Cyber (specialized variant),47.2%,"Blog text; cyber variant, not general model"
Google,Gemini 3.8 Flash,2026-09-02,https://blog.google/innovation-and-ai/models-and-research/gemini-models/3-8-flash-and-3-8-flash-cyber/,blog,main,CyberGym,vulnerability discovery,Gemini 3.8 Flash Cyber (specialized variant),,Blog text: surpasses 3.5 Flash Cyber; no number
